elapsed_s,state,error_code,current_j1_A,current_j2_A,current_j3_A,current_j4_A,current_j5_A,current_j6_A,current_j7_A,delta_current_j1_A,delta_current_j2_A,delta_current_j3_A,delta_current_j4_A,delta_current_j5_A,delta_current_j6_A,delta_current_j7_A,torque_j1_Nm,torque_j2_Nm,torque_j3_Nm,torque_j4_Nm,torque_j5_Nm,torque_j6_Nm,torque_j7_Nm,delta_torque_j1_Nm,delta_torque_j2_Nm,delta_torque_j3_Nm,delta_torque_j4_Nm,delta_torque_j5_Nm,delta_torque_j6_Nm,delta_torque_j7_Nm
0.0003,2,0,-0.07500000298023224,-0.5099999904632568,0.019999999552965164,-0.27000001072883606,0.17000000178813934,-0.9200000166893005,0.18000000715255737,-0.02500000223517418,-0.04999998211860657,0.07000000029802322,0.027500003576278687,0.030000001192092896,-0.020000040531158447,0.07000000774860382,2.72524751026513e-16,-0.9887283444404602,-0.3754069209098816,-0.5150629281997681,-1.2938213348388672,-4.879094123840332,-0.9008039236068726,0.0,0.0,0.0,0.0,0.0,0.0,0.0
0.0204,2,0,-0.07500000298023224,-0.5099999904632568,0.019999999552965164,-0.27000001072883606,0.17000000178813934,-0.9200000166893005,0.18000000715255737,-0.02500000223517418,-0.04999998211860657,0.07000000029802322,0.027500003576278687,0.030000001192092896,-0.020000040531158447,0.07000000774860382,2.72524751026513e-16,-0.9887283444404602,-0.3754069209098816,-0.5150629281997681,-1.2938213348388672,-4.879094123840332,-0.9008039236068726,0.0,0.0,0.0,0.0,0.0,0.0,0.0
0.0405,2,0,-0.07500000298023224,-0.5099999904632568,0.019999999552965164,-0.27000001072883606,0.17000000178813934,-0.9200000166893005,0.18000000715255737,-0.02500000223517418,-0.04999998211860657,0.07000000029802322,0.027500003576278687,0.030000001192092896,-0.020000040531158447,0.07000000774860382,2.72524751026513e-16,-0.9887283444404602,-0.3754069209098816,-0.5150629281997681,-1.2938213348388672,-4.879094123840332,-0.9008039236068726,0.0,0.0,0.0,0.0,0.0,0.0,0.0
0.0606,2,0,-0.07500000298023224,-0.5099999904632568,0.019999999552965164,-0.27000001072883606,0.17000000178813934,-0.9200000166893005,0.18000000715255737,-0.02500000223517418,-0.04999998211860657,0.07000000029802322,0.027500003576278687,0.030000001192092896,-0.020000040531158447,0.07000000774860382,2.72524751026513e-16,-0.9887283444404602,-0.3754069209098816,-0.5150629281997681,-1.2938213348388672,-4.879094123840332,-0.9008039236068726,0.0,0.0,0.0,0.0,0.0,0.0,0.0
0.0808,2,0,-0.07500000298023224,-0.5099999904632568,0.019999999552965164,-0.27000001072883606,0.17000000178813934,-0.9200000166893005,0.18000000715255737,-0.02500000223517418,-0.04999998211860657,0.07000000029802322,0.027500003576278687,0.030000001192092896,-0.020000040531158447,0.07000000774860382,2.72524751026513e-16,-0.9887283444404602,-0.3754069209098816,-0.5150629281997681,-1.2938213348388672,-4.879094123840332,-0.9008039236068726,0.0,0.0,0.0,0.0,0.0,0.0,0.0
0.1009,2,0,-0.07500000298023224,-0.5099999904632568,0.019999999552965164,-0.27000001072883606,0.17000000178813934,-0.9200000166893005,0.18000000715255737,-0.02500000223517418,-0.04999998211860657,0.07000000029802322,0.027500003576278687,0.030000001192092896,-0.020000040531158447,0.07000000774860382,2.72524751026513e-16,-0.9887283444404602,-0.3754069209098816,-0.5150629281997681,-1.2938213348388672,-4.879094123840332,-0.9008039236068726,0.0,0.0,0.0,0.0,0.0,0.0,0.0
0.1210,2,0,-0.07500000298023224,-0.5099999904632568,0.019999999552965164,-0.27000001072883606,0.17000000178813934,-0.9200000166893005,0.18000000715255737,-0.02500000223517418,-0.04999998211860657,0.07000000029802322,0.027500003576278687,0.030000001192092896,-0.020000040531158447,0.07000000774860382,2.72524751026513e-16,-0.9887283444404602,-0.3754069209098816,-0.5150629281997681,-1.2938213348388672,-4.879094123840332,-0.9008039236068726,0.0,0.0,0.0,0.0,0.0,0.0,0.0
0.1412,2,0,-0.07500000298023224,-0.5099999904632568,0.019999999552965164,-0.27000001072883606,0.17000000178813934,-0.9200000166893005,0.18000000715255737,-0.02500000223517418,-0.04999998211860657,0.07000000029802322,0.027500003576278687,0.030000001192092896,-0.020000040531158447,0.07000000774860382,2.72524751026513e-16,-0.9887283444404602,-0.3754069209098816,-0.5150629281997681,-1.2938213348388672,-4.879094123840332,-0.9008039236068726,0.0,0.0,0.0,0.0,0.0,0.0,0.0
0.1615,2,0,-0.07500000298023224,-0.5099999904632568,0.019999999552965164,-0.27000001072883606,0.17000000178813934,-0.9200000166893005,0.18000000715255737,-0.02500000223517418,-0.04999998211860657,0.07000000029802322,0.027500003576278687,0.030000001192092896,-0.020000040531158447,0.07000000774860382,2.72524751026513e-16,-0.9887283444404602,-0.3754069209098816,-0.5150629281997681,-1.2938213348388672,-4.879094123840332,-0.9008039236068726,0.0,0.0,0.0,0.0,0.0,0.0,0.0
0.1817,2,0,-0.07999999821186066,-0.5099999904632568,0.029999999329447746,-0.27000001072883606,0.1599999964237213,-0.9200000166893005,0.1899999976158142,-0.029999997466802597,-0.04999998211860657,0.0800000000745058,0.027500003576278687,0.019999995827674866,-0.020000040531158447,0.07999999821186066,2.72524751026513e-16,-0.9887283444404602,-0.3754069209098816,-0.5150629281997681,-1.2938213348388672,-4.879094123840332,-0.9008039236068726,0.0,0.0,0.0,0.0,0.0,0.0,0.0
0.2020,2,0,-0.07999999821186066,-0.5099999904632568,0.029999999329447746,-0.27000001072883606,0.1599999964237213,-0.9200000166893005,0.1899999976158142,-0.029999997466802597,-0.04999998211860657,0.0800000000745058,0.027500003576278687,0.019999995827674866,-0.020000040531158447,0.07999999821186066,2.72524751026513e-16,-0.9887283444404602,-0.3754069209098816,-0.5150629281997681,-1.2938213348388672,-4.879094123840332,-0.9008039236068726,0.0,0.0,0.0,0.0,0.0,0.0,0.0
0.2224,2,0,-0.07999999821186066,-0.5099999904632568,0.029999999329447746,-0.27000001072883606,0.1599999964237213,-0.9200000166893005,0.1899999976158142,-0.029999997466802597,-0.04999998211860657,0.0800000000745058,0.027500003576278687,0.019999995827674866,-0.020000040531158447,0.07999999821186066,2.72524751026513e-16,-0.9887283444404602,-0.3754069209098816,-0.5150629281997681,-1.2938213348388672,-4.879094123840332,-0.9008039236068726,0.0,0.0,0.0,0.0,0.0,0.0,0.0
0.2426,2,0,-0.07999999821186066,-0.5099999904632568,0.029999999329447746,-0.27000001072883606,0.1599999964237213,-0.9200000166893005,0.1899999976158142,-0.029999997466802597,-0.04999998211860657,0.0800000000745058,0.027500003576278687,0.019999995827674866,-0.020000040531158447,0.07999999821186066,2.72524751026513e-16,-0.9887283444404602,-0.3754069209098816,-0.5150629281997681,-1.2938213348388672,-4.879094123840332,-0.9008039236068726,0.0,0.0,0.0,0.0,0.0,0.0,0.0
0.2628,2,0,-0.07999999821186066,-0.5099999904632568,0.029999999329447746,-0.27000001072883606,0.1599999964237213,-0.9200000166893005,0.1899999976158142,-0.029999997466802597,-0.04999998211860657,0.0800000000745058,0.027500003576278687,0.019999995827674866,-0.020000040531158447,0.07999999821186066,2.72524751026513e-16,-0.9887283444404602,-0.3754069209098816,-0.5150629281997681,-1.2938213348388672,-4.879094123840332,-0.9008039236068726,0.0,0.0,0.0,0.0,0.0,0.0,0.0
0.2831,2,0,-0.07999999821186066,-0.5099999904632568,0.029999999329447746,-0.27000001072883606,0.1599999964237213,-0.9200000166893005,0.1899999976158142,-0.029999997466802597,-0.04999998211860657,0.0800000000745058,0.027500003576278687,0.019999995827674866,-0.020000040531158447,0.07999999821186066,2.72524751026513e-16,-0.9887283444404602,-0.3754069209098816,-0.5150629281997681,-1.2938213348388672,-4.879094123840332,-0.9008039236068726,0.0,0.0,0.0,0.0,0.0,0.0,0.0
0.3032,2,0,-0.07999999821186066,-0.5099999904632568,0.029999999329447746,-0.27000001072883606,0.1599999964237213,-0.9200000166893005,0.1899999976158142,-0.029999997466802597,-0.04999998211860657,0.0800000000745058,0.027500003576278687,0.019999995827674866,-0.020000040531158447,0.07999999821186066,2.72524751026513e-16,-0.9887283444404602,-0.3754069209098816,-0.5150629281997681,-1.2938213348388672,-4.879094123840332,-0.9008039236068726,0.0,0.0,0.0,0.0,0.0,0.0,0.0
0.3233,2,0,-0.07999999821186066,-0.5099999904632568,0.029999999329447746,-0.27000001072883606,0.1599999964237213,-0.9200000166893005,0.1899999976158142,-0.029999997466802597,-0.04999998211860657,0.0800000000745058,0.027500003576278687,0.019999995827674866,-0.020000040531158447,0.07999999821186066,2.72524751026513e-16,-0.9887283444404602,-0.3754069209098816,-0.5150629281997681,-1.2938213348388672,-4.879094123840332,-0.9008039236068726,0.0,0.0,0.0,0.0,0.0,0.0,0.0
0.3436,2,0,-0.07999999821186066,-0.5099999904632568,0.029999999329447746,-0.27000001072883606,0.1599999964237213,-0.9200000166893005,0.1899999976158142,-0.029999997466802597,-0.04999998211860657,0.0800000000745058,0.027500003576278687,0.019999995827674866,-0.020000040531158447,0.07999999821186066,2.72524751026513e-16,-0.9887283444404602,-0.3754069209098816,-0.5150629281997681,-1.2938213348388672,-4.879094123840332,-0.9008039236068726,0.0,0.0,0.0,0.0,0.0,0.0,0.0
0.3637,2,0,-0.07999999821186066,-0.5099999904632568,0.029999999329447746,-0.27000001072883606,0.1599999964237213,-0.9200000166893005,0.1899999976158142,-0.029999997466802597,-0.04999998211860657,0.0800000000745058,0.027500003576278687,0.019999995827674866,-0.020000040531158447,0.07999999821186066,2.72524751026513e-16,-0.9887283444404602,-0.3754069209098816,-0.5150629281997681,-1.2938213348388672,-4.879094123840332,-0.9008039236068726,0.0,0.0,0.0,0.0,0.0,0.0,0.0
0.3838,2,0,-0.07999999821186066,-0.512499988079071,0.03999999910593033,-0.25999999046325684,0.15000000596046448,-0.9200000166893005,0.1899999976158142,-0.029999997466802597,-0.052499979734420776,0.08999999985098839,0.03750002384185791,0.01000000536441803,-0.020000040531158447,0.07999999821186066,2.72524751026513e-16,-0.9887283444404602,-0.3754069209098816,-0.5150629281997681,-1.2938213348388672,-4.879094123840332,-0.9008039236068726,0.0,0.0,0.0,0.0,0.0,0.0,0.0
0.4039,2,0,-0.07999999821186066,-0.512499988079071,0.03999999910593033,-0.25999999046325684,0.15000000596046448,-0.9200000166893005,0.1899999976158142,-0.029999997466802597,-0.052499979734420776,0.08999999985098839,0.03750002384185791,0.01000000536441803,-0.020000040531158447,0.07999999821186066,2.72524751026513e-16,-0.9887283444404602,-0.3754069209098816,-0.5150629281997681,-1.2938213348388672,-4.879094123840332,-0.9008039236068726,0.0,0.0,0.0,0.0,0.0,0.0,0.0
0.4241,2,0,-0.07999999821186066,-0.512499988079071,0.03999999910593033,-0.25999999046325684,0.15000000596046448,-0.9200000166893005,0.1899999976158142,-0.029999997466802597,-0.052499979734420776,0.08999999985098839,0.03750002384185791,0.01000000536441803,-0.020000040531158447,0.07999999821186066,2.72524751026513e-16,-0.9887283444404602,-0.3754069209098816,-0.5150629281997681,-1.2938213348388672,-4.879094123840332,-0.9008039236068726,0.0,0.0,0.0,0.0,0.0,0.0,0.0
0.4443,2,0,-0.07999999821186066,-0.512499988079071,0.03999999910593033,-0.25999999046325684,0.15000000596046448,-0.9200000166893005,0.1899999976158142,-0.029999997466802597,-0.052499979734420776,0.08999999985098839,0.03750002384185791,0.01000000536441803,-0.020000040531158447,0.07999999821186066,2.72524751026513e-16,-0.9887283444404602,-0.3754069209098816,-0.5150629281997681,-1.2938213348388672,-4.879094123840332,-0.9008039236068726,0.0,0.0,0.0,0.0,0.0,0.0,0.0
0.4644,2,0,-0.07999999821186066,-0.512499988079071,0.03999999910593033,-0.25999999046325684,0.15000000596046448,-0.9200000166893005,0.1899999976158142,-0.029999997466802597,-0.052499979734420776,0.08999999985098839,0.03750002384185791,0.01000000536441803,-0.020000040531158447,0.07999999821186066,2.72524751026513e-16,-0.9887283444404602,-0.3754069209098816,-0.5150629281997681,-1.2938213348388672,-4.879094123840332,-0.9008039236068726,0.0,0.0,0.0,0.0,0.0,0.0,0.0
0.4845,2,0,-0.07999999821186066,-0.512499988079071,0.03999999910593033,-0.25999999046325684,0.15000000596046448,-0.9200000166893005,0.1899999976158142,-0.029999997466802597,-0.052499979734420776,0.08999999985098839,0.03750002384185791,0.01000000536441803,-0.020000040531158447,0.07999999821186066,2.72524751026513e-16,-0.9887283444404602,-0.3754069209098816,-0.5150629281997681,-1.2938213348388672,-4.879094123840332,-0.9008039236068726,0.0,0.0,0.0,0.0,0.0,0.0,0.0
0.5047,2,0,-0.07999999821186066,-0.512499988079071,0.03999999910593033,-0.25999999046325684,0.15000000596046448,-0.9200000166893005,0.1899999976158142,-0.029999997466802597,-0.052499979734420776,0.08999999985098839,0.03750002384185791,0.01000000536441803,-0.020000040531158447,0.07999999821186066,2.72524751026513e-16,-0.9887283444404602,-0.3754069209098816,-0.5150629281997681,-1.2938213348388672,-4.879094123840332,-0.9008039236068726,0.0,0.0,0.0,0.0,0.0,0.0,0.0
0.5249,2,0,-0.07999999821186066,-0.512499988079071,0.03999999910593033,-0.25999999046325684,0.15000000596046448,-0.9200000166893005,0.1899999976158142,-0.029999997466802597,-0.052499979734420776,0.08999999985098839,0.03750002384185791,0.01000000536441803,-0.020000040531158447,0.07999999821186066,2.72524751026513e-16,-0.9887283444404602,-0.3754069209098816,-0.5150629281997681,-1.2938213348388672,-4.879094123840332,-0.9008039236068726,0.0,0.0,0.0,0.0,0.0,0.0,0.0
0.5452,2,0,-0.07999999821186066,-0.512499988079071,0.03999999910593033,-0.25999999046325684,0.15000000596046448,-0.9200000166893005,0.1899999976158142,-0.029999997466802597,-0.052499979734420776,0.08999999985098839,0.03750002384185791,0.01000000536441803,-0.020000040531158447,0.07999999821186066,2.72524751026513e-16,-0.9887283444404602,-0.3754069209098816,-0.5150629281997681,-1.2938213348388672,-4.879094123840332,-0.9008039236068726,0.0,0.0,0.0,0.0,0.0,0.0,0.0
0.5655,2,0,-0.07999999821186066,-0.512499988079071,0.03999999910593033,-0.25999999046325684,0.15000000596046448,-0.9200000166893005,0.1899999976158142,-0.029999997466802597,-0.052499979734420776,0.08999999985098839,0.03750002384185791,0.01000000536441803,-0.020000040531158447,0.07999999821186066,2.72524751026513e-16,-0.9887283444404602,-0.3754069209098816,-0.5150629281997681,-1.2938213348388672,-4.879094123840332,-0.9008039236068726,0.0,0.0,0.0,0.0,0.0,0.0,0.0
0.5856,2,0,-0.07999999821186066,-0.5149999856948853,0.04749999940395355,-0.25,0.14000000059604645,-0.9200000166893005,0.20000000298023224,-0.029999997466802597,-0.054999977350234985,0.09750000014901161,0.047500014305114746,0.0,-0.020000040531158447,0.09000000357627869,2.72524751026513e-16,-0.9887283444404602,-0.3754069209098816,-0.5150629281997681,-1.2938213348388672,-4.879094123840332,-0.9008039236068726,0.0,0.0,0.0,0.0,0.0,0.0,0.0
0.6058,2,0,-0.07999999821186066,-0.5149999856948853,0.04749999940395355,-0.25,0.14000000059604645,-0.9200000166893005,0.20000000298023224,-0.029999997466802597,-0.054999977350234985,0.09750000014901161,0.047500014305114746,0.0,-0.020000040531158447,0.09000000357627869,2.72524751026513e-16,-0.9887283444404602,-0.3754069209098816,-0.5150629281997681,-1.2938213348388672,-4.879094123840332,-0.9008039236068726,0.0,0.0,0.0,0.0,0.0,0.0,0.0
0.6261,2,0,-0.07999999821186066,-0.5149999856948853,0.04749999940395355,-0.25,0.14000000059604645,-0.9200000166893005,0.20000000298023224,-0.029999997466802597,-0.054999977350234985,0.09750000014901161,0.047500014305114746,0.0,-0.020000040531158447,0.09000000357627869,2.72524751026513e-16,-0.9887283444404602,-0.3754069209098816,-0.5150629281997681,-1.2938213348388672,-4.879094123840332,-0.9008039236068726,0.0,0.0,0.0,0.0,0.0,0.0,0.0
0.6462,2,0,-0.07999999821186066,-0.5149999856948853,0.04749999940395355,-0.25,0.14000000059604645,-0.9200000166893005,0.20000000298023224,-0.029999997466802597,-0.054999977350234985,0.09750000014901161,0.047500014305114746,0.0,-0.020000040531158447,0.09000000357627869,2.72524751026513e-16,-0.9887283444404602,-0.3754069209098816,-0.5150629281997681,-1.2938213348388672,-4.879094123840332,-0.9008039236068726,0.0,0.0,0.0,0.0,0.0,0.0,0.0
0.6664,2,0,-0.07999999821186066,-0.5149999856948853,0.04749999940395355,-0.25,0.14000000059604645,-0.9200000166893005,0.20000000298023224,-0.029999997466802597,-0.054999977350234985,0.09750000014901161,0.047500014305114746,0.0,-0.020000040531158447,0.09000000357627869,2.72524751026513e-16,-0.9887283444404602,-0.3754069209098816,-0.5150629281997681,-1.2938213348388672,-4.879094123840332,-0.9008039236068726,0.0,0.0,0.0,0.0,0.0,0.0,0.0
0.6866,2,0,-0.07999999821186066,-0.5149999856948853,0.04749999940395355,-0.25,0.14000000059604645,-0.9200000166893005,0.20000000298023224,-0.029999997466802597,-0.054999977350234985,0.09750000014901161,0.047500014305114746,0.0,-0.020000040531158447,0.09000000357627869,2.72524751026513e-16,-0.9887283444404602,-0.3754069209098816,-0.5150629281997681,-1.2938213348388672,-4.879094123840332,-0.9008039236068726,0.0,0.0,0.0,0.0,0.0,0.0,0.0
0.7067,2,0,-0.07999999821186066,-0.5149999856948853,0.04749999940395355,-0.25,0.14000000059604645,-0.9200000166893005,0.20000000298023224,-0.029999997466802597,-0.054999977350234985,0.09750000014901161,0.047500014305114746,0.0,-0.020000040531158447,0.09000000357627869,2.72524751026513e-16,-0.9887283444404602,-0.3754069209098816,-0.5150629281997681,-1.2938213348388672,-4.879094123840332,-0.9008039236068726,0.0,0.0,0.0,0.0,0.0,0.0,0.0
0.7271,2,0,-0.07999999821186066,-0.5149999856948853,0.04749999940395355,-0.25,0.14000000059604645,-0.9200000166893005,0.20000000298023224,-0.029999997466802597,-0.054999977350234985,0.09750000014901161,0.047500014305114746,0.0,-0.020000040531158447,0.09000000357627869,2.72524751026513e-16,-0.9887283444404602,-0.3754069209098816,-0.5150629281997681,-1.2938213348388672,-4.879094123840332,-0.9008039236068726,0.0,0.0,0.0,0.0,0.0,0.0,0.0
0.7473,2,0,-0.07999999821186066,-0.5149999856948853,0.04749999940395355,-0.25,0.14000000059604645,-0.9200000166893005,0.20000000298023224,-0.029999997466802597,-0.054999977350234985,0.09750000014901161,0.047500014305114746,0.0,-0.020000040531158447,0.09000000357627869,2.72524751026513e-16,-0.9887283444404602,-0.3754069209098816,-0.5150629281997681,-1.2938213348388672,-4.879094123840332,-0.9008039236068726,0.0,0.0,0.0,0.0,0.0,0.0,0.0
0.7676,2,0,-0.07999999821186066,-0.5149999856948853,0.04749999940395355,-0.25,0.14000000059604645,-0.9200000166893005,0.20000000298023224,-0.029999997466802597,-0.054999977350234985,0.09750000014901161,0.047500014305114746,0.0,-0.020000040531158447,0.09000000357627869,2.72524751026513e-16,-0.9887283444404602,-0.3754069209098816,-0.5150629281997681,-1.2938213348388672,-4.879094123840332,-0.9008039236068726,0.0,0.0,0.0,0.0,0.0,0.0,0.0
0.7878,2,0,-0.07999999821186066,-0.5199999809265137,0.05999999865889549,-0.23999999463558197,0.12999999523162842,-0.9275000095367432,0.20999999344348907,-0.029999997466802597,-0.0599999725818634,0.10999999940395355,0.057500019669532776,-0.01000000536441803,-0.027500033378601074,0.09999999403953552,2.72524751026513e-16,-0.9887283444404602,-0.3754069209098816,-0.5150629281997681,-1.2938213348388672,-4.879094123840332,-0.9008039236068726,0.0,0.0,0.0,0.0,0.0,0.0,0.0
0.8080,2,0,-0.07999999821186066,-0.5199999809265137,0.05999999865889549,-0.23999999463558197,0.12999999523162842,-0.9275000095367432,0.20999999344348907,-0.029999997466802597,-0.0599999725818634,0.10999999940395355,0.057500019669532776,-0.01000000536441803,-0.027500033378601074,0.09999999403953552,2.72524751026513e-16,-0.9887283444404602,-0.3754069209098816,-0.5150629281997681,-1.2938213348388672,-4.879094123840332,-0.9008039236068726,0.0,0.0,0.0,0.0,0.0,0.0,0.0
0.8282,2,0,-0.07999999821186066,-0.5199999809265137,0.05999999865889549,-0.23999999463558197,0.12999999523162842,-0.9275000095367432,0.20999999344348907,-0.029999997466802597,-0.0599999725818634,0.10999999940395355,0.057500019669532776,-0.01000000536441803,-0.027500033378601074,0.09999999403953552,2.72524751026513e-16,-0.9887283444404602,-0.3754069209098816,-0.5150629281997681,-1.2938213348388672,-4.879094123840332,-0.9008039236068726,0.0,0.0,0.0,0.0,0.0,0.0,0.0
0.8484,2,0,-0.07999999821186066,-0.5199999809265137,0.05999999865889549,-0.23999999463558197,0.12999999523162842,-0.9275000095367432,0.20999999344348907,-0.029999997466802597,-0.0599999725818634,0.10999999940395355,0.057500019669532776,-0.01000000536441803,-0.027500033378601074,0.09999999403953552,2.72524751026513e-16,-0.9887283444404602,-0.3754069209098816,-0.5150629281997681,-1.2938213348388672,-4.879094123840332,-0.9008039236068726,0.0,0.0,0.0,0.0,0.0,0.0,0.0
0.8686,2,0,-0.07999999821186066,-0.5199999809265137,0.05999999865889549,-0.23999999463558197,0.12999999523162842,-0.9275000095367432,0.20999999344348907,-0.029999997466802597,-0.0599999725818634,0.10999999940395355,0.057500019669532776,-0.01000000536441803,-0.027500033378601074,0.09999999403953552,2.72524751026513e-16,-0.9887283444404602,-0.3754069209098816,-0.5150629281997681,-1.2938213348388672,-4.879094123840332,-0.9008039236068726,0.0,0.0,0.0,0.0,0.0,0.0,0.0
0.8888,2,0,-0.07999999821186066,-0.5199999809265137,0.05999999865889549,-0.23999999463558197,0.12999999523162842,-0.9275000095367432,0.20999999344348907,-0.029999997466802597,-0.0599999725818634,0.10999999940395355,0.057500019669532776,-0.01000000536441803,-0.027500033378601074,0.09999999403953552,2.72524751026513e-16,-0.9887283444404602,-0.3754069209098816,-0.5150629281997681,-1.2938213348388672,-4.879094123840332,-0.9008039236068726,0.0,0.0,0.0,0.0,0.0,0.0,0.0
0.9090,2,0,-0.07999999821186066,-0.5199999809265137,0.05999999865889549,-0.23999999463558197,0.12999999523162842,-0.9275000095367432,0.20999999344348907,-0.029999997466802597,-0.0599999725818634,0.10999999940395355,0.057500019669532776,-0.01000000536441803,-0.027500033378601074,0.09999999403953552,2.72524751026513e-16,-0.9887283444404602,-0.3754069209098816,-0.5150629281997681,-1.2938213348388672,-4.879094123840332,-0.9008039236068726,0.0,0.0,0.0,0.0,0.0,0.0,0.0
0.9293,2,0,-0.07999999821186066,-0.5199999809265137,0.05999999865889549,-0.23999999463558197,0.12999999523162842,-0.9275000095367432,0.20999999344348907,-0.029999997466802597,-0.0599999725818634,0.10999999940395355,0.057500019669532776,-0.01000000536441803,-0.027500033378601074,0.09999999403953552,2.72524751026513e-16,-0.9887283444404602,-0.3754069209098816,-0.5150629281997681,-1.2938213348388672,-4.879094123840332,-0.9008039236068726,0.0,0.0,0.0,0.0,0.0,0.0,0.0
0.9495,2,0,-0.07999999821186066,-0.5199999809265137,0.05999999865889549,-0.23999999463558197,0.12999999523162842,-0.9275000095367432,0.20999999344348907,-0.029999997466802597,-0.0599999725818634,0.10999999940395355,0.057500019669532776,-0.01000000536441803,-0.027500033378601074,0.09999999403953552,2.72524751026513e-16,-0.9887283444404602,-0.3754069209098816,-0.5150629281997681,-1.2938213348388672,-4.879094123840332,-0.9008039236068726,0.0,0.0,0.0,0.0,0.0,0.0,0.0
0.9697,2,0,-0.07999999821186066,-0.5199999809265137,0.05999999865889549,-0.23999999463558197,0.12999999523162842,-0.9275000095367432,0.20999999344348907,-0.029999997466802597,-0.0599999725818634,0.10999999940395355,0.057500019669532776,-0.01000000536441803,-0.027500033378601074,0.09999999403953552,2.72524751026513e-16,-0.9887283444404602,-0.3754069209098816,-0.5150629281997681,-1.2938213348388672,-4.879094123840332,-0.9008039236068726,0.0,0.0,0.0,0.0,0.0,0.0,0.0
0.9900,2,0,-0.08250000327825546,-0.5199999809265137,0.07000000029802322,-0.2224999964237213,0.11999999731779099,-0.9300000071525574,0.2199999988079071,-0.0325000025331974,-0.0599999725818634,0.12000000104308128,0.07500001788139343,-0.020000003278255463,-0.030000030994415283,0.10999999940395355,2.72524751026513e-16,-0.9887283444404602,-0.3754069209098816,-0.5150629281997681,-1.2938213348388672,-4.879094123840332,-0.9008039236068726,0.0,0.0,0.0,0.0,0.0,0.0,0.0
1.0102,2,0,-0.08250000327825546,-0.5199999809265137,0.07000000029802322,-0.2224999964237213,0.11999999731779099,-0.9300000071525574,0.2199999988079071,-0.0325000025331974,-0.0599999725818634,0.12000000104308128,0.07500001788139343,-0.020000003278255463,-0.030000030994415283,0.10999999940395355,2.72524751026513e-16,-0.9887283444404602,-0.3754069209098816,-0.5150629281997681,-1.2938213348388672,-4.879094123840332,-0.9008039236068726,0.0,0.0,0.0,0.0,0.0,0.0,0.0
1.0305,2,0,-0.08250000327825546,-0.5199999809265137,0.07000000029802322,-0.2224999964237213,0.11999999731779099,-0.9300000071525574,0.2199999988079071,-0.0325000025331974,-0.0599999725818634,0.12000000104308128,0.07500001788139343,-0.020000003278255463,-0.030000030994415283,0.10999999940395355,2.72524751026513e-16,-0.9887283444404602,-0.3754069209098816,-0.5150629281997681,-1.2938213348388672,-4.879094123840332,-0.9008039236068726,0.0,0.0,0.0,0.0,0.0,0.0,0.0
1.0506,2,0,-0.08250000327825546,-0.5199999809265137,0.07000000029802322,-0.2224999964237213,0.11999999731779099,-0.9300000071525574,0.2199999988079071,-0.0325000025331974,-0.0599999725818634,0.12000000104308128,0.07500001788139343,-0.020000003278255463,-0.030000030994415283,0.10999999940395355,2.72524751026513e-16,-0.9887283444404602,-0.3754069209098816,-0.5150629281997681,-1.2938213348388672,-4.879094123840332,-0.9008039236068726,0.0,0.0,0.0,0.0,0.0,0.0,0.0
1.0708,2,0,-0.08250000327825546,-0.5199999809265137,0.07000000029802322,-0.2224999964237213,0.11999999731779099,-0.9300000071525574,0.2199999988079071,-0.0325000025331974,-0.0599999725818634,0.12000000104308128,0.07500001788139343,-0.020000003278255463,-0.030000030994415283,0.10999999940395355,2.72524751026513e-16,-0.9887283444404602,-0.3754069209098816,-0.5150629281997681,-1.2938213348388672,-4.879094123840332,-0.9008039236068726,0.0,0.0,0.0,0.0,0.0,0.0,0.0
1.0911,2,0,-0.08250000327825546,-0.5199999809265137,0.07000000029802322,-0.2224999964237213,0.11999999731779099,-0.9300000071525574,0.2199999988079071,-0.0325000025331974,-0.0599999725818634,0.12000000104308128,0.07500001788139343,-0.020000003278255463,-0.030000030994415283,0.10999999940395355,2.72524751026513e-16,-0.9887283444404602,-0.3754069209098816,-0.5150629281997681,-1.2938213348388672,-4.879094123840332,-0.9008039236068726,0.0,0.0,0.0,0.0,0.0,0.0,0.0
1.1113,2,0,-0.08250000327825546,-0.5199999809265137,0.07000000029802322,-0.2224999964237213,0.11999999731779099,-0.9300000071525574,0.2199999988079071,-0.0325000025331974,-0.0599999725818634,0.12000000104308128,0.07500001788139343,-0.020000003278255463,-0.030000030994415283,0.10999999940395355,2.72524751026513e-16,-0.9887283444404602,-0.3754069209098816,-0.5150629281997681,-1.2938213348388672,-4.879094123840332,-0.9008039236068726,0.0,0.0,0.0,0.0,0.0,0.0,0.0
1.1316,2,0,-0.08250000327825546,-0.5199999809265137,0.07000000029802322,-0.2224999964237213,0.11999999731779099,-0.9300000071525574,0.2199999988079071,-0.0325000025331974,-0.0599999725818634,0.12000000104308128,0.07500001788139343,-0.020000003278255463,-0.030000030994415283,0.10999999940395355,2.72524751026513e-16,-0.9887283444404602,-0.3754069209098816,-0.5150629281997681,-1.2938213348388672,-4.879094123840332,-0.9008039236068726,0.0,0.0,0.0,0.0,0.0,0.0,0.0
1.1518,2,0,-0.08250000327825546,-0.5199999809265137,0.07000000029802322,-0.2224999964237213,0.11999999731779099,-0.9300000071525574,0.2199999988079071,-0.0325000025331974,-0.0599999725818634,0.12000000104308128,0.07500001788139343,-0.020000003278255463,-0.030000030994415283,0.10999999940395355,2.72524751026513e-16,-0.9887283444404602,-0.3754069209098816,-0.5150629281997681,-1.2938213348388672,-4.879094123840332,-0.9008039236068726,0.0,0.0,0.0,0.0,0.0,0.0,0.0
1.1720,2,0,-0.08250000327825546,-0.5199999809265137,0.07000000029802322,-0.2224999964237213,0.11999999731779099,-0.9300000071525574,0.2199999988079071,-0.0325000025331974,-0.0599999725818634,0.12000000104308128,0.07500001788139343,-0.020000003278255463,-0.030000030994415283,0.10999999940395355,2.72524751026513e-16,-0.9887283444404602,-0.3754069209098816,-0.5150629281997681,-1.2938213348388672,-4.879094123840332,-0.9008039236068726,0.0,0.0,0.0,0.0,0.0,0.0,0.0
1.1923,2,0,-0.08749999850988388,-0.5274999737739563,0.07750000059604645,-0.2199999988079071,0.11500000208616257,-0.9300000071525574,0.23000000417232513,-0.03749999776482582,-0.06749996542930603,0.1275000013411045,0.07750001549720764,-0.02499999850988388,-0.030000030994415283,0.12000000476837158,2.72524751026513e-16,-0.9887283444404602,-0.3754069209098816,-0.5150629281997681,-1.2938213348388672,-4.879094123840332,-0.9008039236068726,0.0,0.0,0.0,0.0,0.0,0.0,0.0
1.2126,2,0,-0.08749999850988388,-0.5274999737739563,0.07750000059604645,-0.2199999988079071,0.11500000208616257,-0.9300000071525574,0.23000000417232513,-0.03749999776482582,-0.06749996542930603,0.1275000013411045,0.07750001549720764,-0.02499999850988388,-0.030000030994415283,0.12000000476837158,2.72524751026513e-16,-0.9887283444404602,-0.3754069209098816,-0.5150629281997681,-1.2938213348388672,-4.879094123840332,-0.9008039236068726,0.0,0.0,0.0,0.0,0.0,0.0,0.0
1.2329,2,0,-0.08749999850988388,-0.5274999737739563,0.07750000059604645,-0.2199999988079071,0.11500000208616257,-0.9300000071525574,0.23000000417232513,-0.03749999776482582,-0.06749996542930603,0.1275000013411045,0.07750001549720764,-0.02499999850988388,-0.030000030994415283,0.12000000476837158,2.72524751026513e-16,-0.9887283444404602,-0.3754069209098816,-0.5150629281997681,-1.2938213348388672,-4.879094123840332,-0.9008039236068726,0.0,0.0,0.0,0.0,0.0,0.0,0.0
1.2530,2,0,-0.08749999850988388,-0.5274999737739563,0.07750000059604645,-0.2199999988079071,0.11500000208616257,-0.9300000071525574,0.23000000417232513,-0.03749999776482582,-0.06749996542930603,0.1275000013411045,0.07750001549720764,-0.02499999850988388,-0.030000030994415283,0.12000000476837158,2.72524751026513e-16,-0.9887283444404602,-0.3754069209098816,-0.5150629281997681,-1.2938213348388672,-4.879094123840332,-0.9008039236068726,0.0,0.0,0.0,0.0,0.0,0.0,0.0
1.2733,2,0,-0.08749999850988388,-0.5274999737739563,0.07750000059604645,-0.2199999988079071,0.11500000208616257,-0.9300000071525574,0.23000000417232513,-0.03749999776482582,-0.06749996542930603,0.1275000013411045,0.07750001549720764,-0.02499999850988388,-0.030000030994415283,0.12000000476837158,2.72524751026513e-16,-0.9887283444404602,-0.3754069209098816,-0.5150629281997681,-1.2938213348388672,-4.879094123840332,-0.9008039236068726,0.0,0.0,0.0,0.0,0.0,0.0,0.0
1.2935,2,0,-0.08749999850988388,-0.5274999737739563,0.07750000059604645,-0.2199999988079071,0.11500000208616257,-0.9300000071525574,0.23000000417232513,-0.03749999776482582,-0.06749996542930603,0.1275000013411045,0.07750001549720764,-0.02499999850988388,-0.030000030994415283,0.12000000476837158,2.72524751026513e-16,-0.9887283444404602,-0.3754069209098816,-0.5150629281997681,-1.2938213348388672,-4.879094123840332,-0.9008039236068726,0.0,0.0,0.0,0.0,0.0,0.0,0.0
1.3138,2,0,-0.08749999850988388,-0.5274999737739563,0.07750000059604645,-0.2199999988079071,0.11500000208616257,-0.9300000071525574,0.23000000417232513,-0.03749999776482582,-0.06749996542930603,0.1275000013411045,0.07750001549720764,-0.02499999850988388,-0.030000030994415283,0.12000000476837158,2.72524751026513e-16,-0.9887283444404602,-0.3754069209098816,-0.5150629281997681,-1.2938213348388672,-4.879094123840332,-0.9008039236068726,0.0,0.0,0.0,0.0,0.0,0.0,0.0
1.3339,2,0,-0.08749999850988388,-0.5274999737739563,0.07750000059604645,-0.2199999988079071,0.11500000208616257,-0.9300000071525574,0.23000000417232513,-0.03749999776482582,-0.06749996542930603,0.1275000013411045,0.07750001549720764,-0.02499999850988388,-0.030000030994415283,0.12000000476837158,2.72524751026513e-16,-0.9887283444404602,-0.3754069209098816,-0.5150629281997681,-1.2938213348388672,-4.879094123840332,-0.9008039236068726,0.0,0.0,0.0,0.0,0.0,0.0,0.0
1.3541,2,0,-0.08749999850988388,-0.5274999737739563,0.07750000059604645,-0.2199999988079071,0.11500000208616257,-0.9300000071525574,0.23000000417232513,-0.03749999776482582,-0.06749996542930603,0.1275000013411045,0.07750001549720764,-0.02499999850988388,-0.030000030994415283,0.12000000476837158,2.72524751026513e-16,-0.9887283444404602,-0.3754069209098816,-0.5150629281997681,-1.2938213348388672,-4.879094123840332,-0.9008039236068726,0.0,0.0,0.0,0.0,0.0,0.0,0.0
1.3742,2,0,-0.08749999850988388,-0.5274999737739563,0.07750000059604645,-0.2199999988079071,0.11500000208616257,-0.9300000071525574,0.23000000417232513,-0.03749999776482582,-0.06749996542930603,0.1275000013411045,0.07750001549720764,-0.02499999850988388,-0.030000030994415283,0.12000000476837158,2.72524751026513e-16,-0.9887283444404602,-0.3754069209098816,-0.5150629281997681,-1.2938213348388672,-4.879094123840332,-0.9008039236068726,0.0,0.0,0.0,0.0,0.0,0.0,0.0
1.3943,2,0,-0.09000000357627869,-0.5299999713897705,0.09000000357627869,-0.20749999582767487,0.10000000149011612,-0.9325000047683716,0.23999999463558197,-0.04000000283122063,-0.06999996304512024,0.14000000432133675,0.09000001847743988,-0.03999999910593033,-0.03250002861022949,0.12999999523162842,2.72524751026513e-16,-0.9887283444404602,-0.3754069209098816,-0.5150629281997681,-1.2938213348388672,-4.879094123840332,-0.9008039236068726,0.0,0.0,0.0,0.0,0.0,0.0,0.0
1.4144,2,0,-0.09000000357627869,-0.5299999713897705,0.09000000357627869,-0.20749999582767487,0.10000000149011612,-0.9325000047683716,0.23999999463558197,-0.04000000283122063,-0.06999996304512024,0.14000000432133675,0.09000001847743988,-0.03999999910593033,-0.03250002861022949,0.12999999523162842,2.72524751026513e-16,-0.9887283444404602,-0.3754069209098816,-0.5150629281997681,-1.2938213348388672,-4.879094123840332,-0.9008039236068726,0.0,0.0,0.0,0.0,0.0,0.0,0.0
1.4346,2,0,-0.09000000357627869,-0.5299999713897705,0.09000000357627869,-0.20749999582767487,0.10000000149011612,-0.9325000047683716,0.23999999463558197,-0.04000000283122063,-0.06999996304512024,0.14000000432133675,0.09000001847743988,-0.03999999910593033,-0.03250002861022949,0.12999999523162842,2.72524751026513e-16,-0.9887283444404602,-0.3754069209098816,-0.5150629281997681,-1.2938213348388672,-4.879094123840332,-0.9008039236068726,0.0,0.0,0.0,0.0,0.0,0.0,0.0
1.4548,2,0,-0.09000000357627869,-0.5299999713897705,0.09000000357627869,-0.20749999582767487,0.10000000149011612,-0.9325000047683716,0.23999999463558197,-0.04000000283122063,-0.06999996304512024,0.14000000432133675,0.09000001847743988,-0.03999999910593033,-0.03250002861022949,0.12999999523162842,2.72524751026513e-16,-0.9887283444404602,-0.3754069209098816,-0.5150629281997681,-1.2938213348388672,-4.879094123840332,-0.9008039236068726,0.0,0.0,0.0,0.0,0.0,0.0,0.0
1.4749,2,0,-0.09000000357627869,-0.5299999713897705,0.09000000357627869,-0.20749999582767487,0.10000000149011612,-0.9325000047683716,0.23999999463558197,-0.04000000283122063,-0.06999996304512024,0.14000000432133675,0.09000001847743988,-0.03999999910593033,-0.03250002861022949,0.12999999523162842,2.72524751026513e-16,-0.9887283444404602,-0.3754069209098816,-0.5150629281997681,-1.2938213348388672,-4.879094123840332,-0.9008039236068726,0.0,0.0,0.0,0.0,0.0,0.0,0.0
1.4951,2,0,-0.09000000357627869,-0.5299999713897705,0.09000000357627869,-0.20749999582767487,0.10000000149011612,-0.9325000047683716,0.23999999463558197,-0.04000000283122063,-0.06999996304512024,0.14000000432133675,0.09000001847743988,-0.03999999910593033,-0.03250002861022949,0.12999999523162842,2.72524751026513e-16,-0.9887283444404602,-0.3754069209098816,-0.5150629281997681,-1.2938213348388672,-4.879094123840332,-0.9008039236068726,0.0,0.0,0.0,0.0,0.0,0.0,0.0
1.5153,2,0,-0.09000000357627869,-0.5299999713897705,0.09000000357627869,-0.20749999582767487,0.10000000149011612,-0.9325000047683716,0.23999999463558197,-0.04000000283122063,-0.06999996304512024,0.14000000432133675,0.09000001847743988,-0.03999999910593033,-0.03250002861022949,0.12999999523162842,2.72524751026513e-16,-0.9887283444404602,-0.3754069209098816,-0.5150629281997681,-1.2938213348388672,-4.879094123840332,-0.9008039236068726,0.0,0.0,0.0,0.0,0.0,0.0,0.0
1.5354,2,0,-0.09000000357627869,-0.5299999713897705,0.09000000357627869,-0.20749999582767487,0.10000000149011612,-0.9325000047683716,0.23999999463558197,-0.04000000283122063,-0.06999996304512024,0.14000000432133675,0.09000001847743988,-0.03999999910593033,-0.03250002861022949,0.12999999523162842,2.72524751026513e-16,-0.9887283444404602,-0.3754069209098816,-0.5150629281997681,-1.2938213348388672,-4.879094123840332,-0.9008039236068726,0.0,0.0,0.0,0.0,0.0,0.0,0.0
1.5555,2,0,-0.09000000357627869,-0.5299999713897705,0.09000000357627869,-0.20749999582767487,0.10000000149011612,-0.9325000047683716,0.23999999463558197,-0.04000000283122063,-0.06999996304512024,0.14000000432133675,0.09000001847743988,-0.03999999910593033,-0.03250002861022949,0.12999999523162842,2.72524751026513e-16,-0.9887283444404602,-0.3754069209098816,-0.5150629281997681,-1.2938213348388672,-4.879094123840332,-0.9008039236068726,0.0,0.0,0.0,0.0,0.0,0.0,0.0
1.5756,2,0,-0.09000000357627869,-0.5299999713897705,0.0925000011920929,-0.20000000298023224,0.09000000357627869,-0.9399999976158142,0.23999999463558197,-0.04000000283122063,-0.06999996304512024,0.14250000193715096,0.09750001132488251,-0.04999999701976776,-0.04000002145767212,0.12999999523162842,2.72524751026513e-16,-0.9887283444404602,-0.3754069209098816,-0.5150629281997681,-1.2938213348388672,-4.879094123840332,-0.9008039236068726,0.0,0.0,0.0,0.0,0.0,0.0,0.0
1.5958,2,0,-0.09000000357627869,-0.5299999713897705,0.0925000011920929,-0.20000000298023224,0.09000000357627869,-0.9399999976158142,0.23999999463558197,-0.04000000283122063,-0.06999996304512024,0.14250000193715096,0.09750001132488251,-0.04999999701976776,-0.04000002145767212,0.12999999523162842,2.72524751026513e-16,-0.9887283444404602,-0.3754069209098816,-0.5150629281997681,-1.2938213348388672,-4.879094123840332,-0.9008039236068726,0.0,0.0,0.0,0.0,0.0,0.0,0.0
1.6159,2,0,-0.09000000357627869,-0.5299999713897705,0.0925000011920929,-0.20000000298023224,0.09000000357627869,-0.9399999976158142,0.23999999463558197,-0.04000000283122063,-0.06999996304512024,0.14250000193715096,0.09750001132488251,-0.04999999701976776,-0.04000002145767212,0.12999999523162842,2.72524751026513e-16,-0.9887283444404602,-0.3754069209098816,-0.5150629281997681,-1.2938213348388672,-4.879094123840332,-0.9008039236068726,0.0,0.0,0.0,0.0,0.0,0.0,0.0
1.6362,2,0,-0.09000000357627869,-0.5299999713897705,0.0925000011920929,-0.20000000298023224,0.09000000357627869,-0.9399999976158142,0.23999999463558197,-0.04000000283122063,-0.06999996304512024,0.14250000193715096,0.09750001132488251,-0.04999999701976776,-0.04000002145767212,0.12999999523162842,2.72524751026513e-16,-0.9887283444404602,-0.3754069209098816,-0.5150629281997681,-1.2938213348388672,-4.879094123840332,-0.9008039236068726,0.0,0.0,0.0,0.0,0.0,0.0,0.0
1.6563,2,0,-0.09000000357627869,-0.5299999713897705,0.0925000011920929,-0.20000000298023224,0.09000000357627869,-0.9399999976158142,0.23999999463558197,-0.04000000283122063,-0.06999996304512024,0.14250000193715096,0.09750001132488251,-0.04999999701976776,-0.04000002145767212,0.12999999523162842,2.72524751026513e-16,-0.9887283444404602,-0.3754069209098816,-0.5150629281997681,-1.2938213348388672,-4.879094123840332,-0.9008039236068726,0.0,0.0,0.0,0.0,0.0,0.0,0.0
1.6764,2,0,-0.09000000357627869,-0.5299999713897705,0.0925000011920929,-0.20000000298023224,0.09000000357627869,-0.9399999976158142,0.23999999463558197,-0.04000000283122063,-0.06999996304512024,0.14250000193715096,0.09750001132488251,-0.04999999701976776,-0.04000002145767212,0.12999999523162842,2.72524751026513e-16,-0.9887283444404602,-0.3754069209098816,-0.5150629281997681,-1.2938213348388672,-4.879094123840332,-0.9008039236068726,0.0,0.0,0.0,0.0,0.0,0.0,0.0
1.6966,2,0,-0.09000000357627869,-0.5299999713897705,0.0925000011920929,-0.20000000298023224,0.09000000357627869,-0.9399999976158142,0.23999999463558197,-0.04000000283122063,-0.06999996304512024,0.14250000193715096,0.09750001132488251,-0.04999999701976776,-0.04000002145767212,0.12999999523162842,2.72524751026513e-16,-0.9887283444404602,-0.3754069209098816,-0.5150629281997681,-1.2938213348388672,-4.879094123840332,-0.9008039236068726,0.0,0.0,0.0,0.0,0.0,0.0,0.0
1.7168,2,0,-0.09000000357627869,-0.5299999713897705,0.0925000011920929,-0.20000000298023224,0.09000000357627869,-0.9399999976158142,0.23999999463558197,-0.04000000283122063,-0.06999996304512024,0.14250000193715096,0.09750001132488251,-0.04999999701976776,-0.04000002145767212,0.12999999523162842,2.72524751026513e-16,-0.9887283444404602,-0.3754069209098816,-0.5150629281997681,-1.2938213348388672,-4.879094123840332,-0.9008039236068726,0.0,0.0,0.0,0.0,0.0,0.0,0.0
1.7369,2,0,-0.09000000357627869,-0.5299999713897705,0.0925000011920929,-0.20000000298023224,0.09000000357627869,-0.9399999976158142,0.23999999463558197,-0.04000000283122063,-0.06999996304512024,0.14250000193715096,0.09750001132488251,-0.04999999701976776,-0.04000002145767212,0.12999999523162842,2.72524751026513e-16,-0.9887283444404602,-0.3754069209098816,-0.5150629281997681,-1.2938213348388672,-4.879094123840332,-0.9008039236068726,0.0,0.0,0.0,0.0,0.0,0.0,0.0
1.7570,2,0,-0.09000000357627869,-0.5299999713897705,0.0925000011920929,-0.20000000298023224,0.09000000357627869,-0.9399999976158142,0.23999999463558197,-0.04000000283122063,-0.06999996304512024,0.14250000193715096,0.09750001132488251,-0.04999999701976776,-0.04000002145767212,0.12999999523162842,2.72524751026513e-16,-0.9887283444404602,-0.3754069209098816,-0.5150629281997681,-1.2938213348388672,-4.879094123840332,-0.9008039236068726,0.0,0.0,0.0,0.0,0.0,0.0,0.0
1.7771,2,0,-0.0949999988079071,-0.5400000214576721,0.10750000178813934,-0.1899999976158142,0.07999999821186066,-0.9399999976158142,0.25,-0.044999998062849045,-0.08000001311302185,0.1575000025331974,0.10750001668930054,-0.06000000238418579,-0.04000002145767212,0.14000000059604645,2.72524751026513e-16,-0.9887283444404602,-0.3754069209098816,-0.5150629281997681,-1.2938213348388672,-4.879094123840332,-0.9008039236068726,0.0,0.0,0.0,0.0,0.0,0.0,0.0
1.7973,2,0,-0.0949999988079071,-0.5400000214576721,0.10750000178813934,-0.1899999976158142,0.07999999821186066,-0.9399999976158142,0.25,-0.044999998062849045,-0.08000001311302185,0.1575000025331974,0.10750001668930054,-0.06000000238418579,-0.04000002145767212,0.14000000059604645,2.72524751026513e-16,-0.9887283444404602,-0.3754069209098816,-0.5150629281997681,-1.2938213348388672,-4.879094123840332,-0.9008039236068726,0.0,0.0,0.0,0.0,0.0,0.0,0.0
1.8174,2,0,-0.0949999988079071,-0.5400000214576721,0.10750000178813934,-0.1899999976158142,0.07999999821186066,-0.9399999976158142,0.25,-0.044999998062849045,-0.08000001311302185,0.1575000025331974,0.10750001668930054,-0.06000000238418579,-0.04000002145767212,0.14000000059604645,2.72524751026513e-16,-0.9887283444404602,-0.3754069209098816,-0.5150629281997681,-1.2938213348388672,-4.879094123840332,-0.9008039236068726,0.0,0.0,0.0,0.0,0.0,0.0,0.0
1.8376,2,0,-0.0949999988079071,-0.5400000214576721,0.10750000178813934,-0.1899999976158142,0.07999999821186066,-0.9399999976158142,0.25,-0.044999998062849045,-0.08000001311302185,0.1575000025331974,0.10750001668930054,-0.06000000238418579,-0.04000002145767212,0.14000000059604645,2.72524751026513e-16,-0.9887283444404602,-0.3754069209098816,-0.5150629281997681,-1.2938213348388672,-4.879094123840332,-0.9008039236068726,0.0,0.0,0.0,0.0,0.0,0.0,0.0
1.8577,2,0,-0.0949999988079071,-0.5400000214576721,0.10750000178813934,-0.1899999976158142,0.07999999821186066,-0.9399999976158142,0.25,-0.044999998062849045,-0.08000001311302185,0.1575000025331974,0.10750001668930054,-0.06000000238418579,-0.04000002145767212,0.14000000059604645,2.72524751026513e-16,-0.9887283444404602,-0.3754069209098816,-0.5150629281997681,-1.2938213348388672,-4.879094123840332,-0.9008039236068726,0.0,0.0,0.0,0.0,0.0,0.0,0.0
1.8779,2,0,-0.0949999988079071,-0.5400000214576721,0.10750000178813934,-0.1899999976158142,0.07999999821186066,-0.9399999976158142,0.25,-0.044999998062849045,-0.08000001311302185,0.1575000025331974,0.10750001668930054,-0.06000000238418579,-0.04000002145767212,0.14000000059604645,2.72524751026513e-16,-0.9887283444404602,-0.3754069209098816,-0.5150629281997681,-1.2938213348388672,-4.879094123840332,-0.9008039236068726,0.0,0.0,0.0,0.0,0.0,0.0,0.0
1.8980,2,0,-0.0949999988079071,-0.5400000214576721,0.10750000178813934,-0.1899999976158142,0.07999999821186066,-0.9399999976158142,0.25,-0.044999998062849045,-0.08000001311302185,0.1575000025331974,0.10750001668930054,-0.06000000238418579,-0.04000002145767212,0.14000000059604645,2.72524751026513e-16,-0.9887283444404602,-0.3754069209098816,-0.5150629281997681,-1.2938213348388672,-4.879094123840332,-0.9008039236068726,0.0,0.0,0.0,0.0,0.0,0.0,0.0
1.9181,2,0,-0.0949999988079071,-0.5400000214576721,0.10750000178813934,-0.1899999976158142,0.07999999821186066,-0.9399999976158142,0.25,-0.044999998062849045,-0.08000001311302185,0.1575000025331974,0.10750001668930054,-0.06000000238418579,-0.04000002145767212,0.14000000059604645,2.72524751026513e-16,-0.9887283444404602,-0.3754069209098816,-0.5150629281997681,-1.2938213348388672,-4.879094123840332,-0.9008039236068726,0.0,0.0,0.0,0.0,0.0,0.0,0.0
1.9382,2,0,-0.0949999988079071,-0.5400000214576721,0.10750000178813934,-0.1899999976158142,0.07999999821186066,-0.9399999976158142,0.25,-0.044999998062849045,-0.08000001311302185,0.1575000025331974,0.10750001668930054,-0.06000000238418579,-0.04000002145767212,0.14000000059604645,2.72524751026513e-16,-0.9887283444404602,-0.3754069209098816,-0.5150629281997681,-1.2938213348388672,-4.879094123840332,-0.9008039236068726,0.0,0.0,0.0,0.0,0.0,0.0,0.0
1.9584,2,0,-0.0949999988079071,-0.5400000214576721,0.10750000178813934,-0.1899999976158142,0.07999999821186066,-0.9399999976158142,0.25,-0.044999998062849045,-0.08000001311302185,0.1575000025331974,0.10750001668930054,-0.06000000238418579,-0.04000002145767212,0.14000000059604645,2.72524751026513e-16,-0.9887283444404602,-0.3754069209098816,-0.5150629281997681,-1.2938213348388672,-4.879094123840332,-0.9008039236068726,0.0,0.0,0.0,0.0,0.0,0.0,0.0
1.9786,2,0,-0.10000000149011612,-0.5400000214576721,0.11999999731779099,-0.18000000715255737,0.07000000029802322,-0.9399999976158142,0.25999999046325684,-0.05000000074505806,-0.08000001311302185,0.16999999806284904,0.11750000715255737,-0.07000000029802322,-0.04000002145767212,0.14999999105930328,2.72524751026513e-16,-0.9887283444404602,-0.3754069209098816,-0.5150629281997681,-1.2938213348388672,-4.879094123840332,-0.9008039236068726,0.0,0.0,0.0,0.0,0.0,0.0,0.0
1.9987,2,0,-0.10000000149011612,-0.5400000214576721,0.11999999731779099,-0.18000000715255737,0.07000000029802322,-0.9399999976158142,0.25999999046325684,-0.05000000074505806,-0.08000001311302185,0.16999999806284904,0.11750000715255737,-0.07000000029802322,-0.04000002145767212,0.14999999105930328,2.72524751026513e-16,-0.9887283444404602,-0.3754069209098816,-0.5150629281997681,-1.2938213348388672,-4.879094123840332,-0.9008039236068726,0.0,0.0,0.0,0.0,0.0,0.0,0.0
2.0188,2,0,-0.10000000149011612,-0.5400000214576721,0.11999999731779099,-0.18000000715255737,0.07000000029802322,-0.9399999976158142,0.25999999046325684,-0.05000000074505806,-0.08000001311302185,0.16999999806284904,0.11750000715255737,-0.07000000029802322,-0.04000002145767212,0.14999999105930328,2.72524751026513e-16,-0.9887283444404602,-0.3754069209098816,-0.5150629281997681,-1.2938213348388672,-4.879094123840332,-0.9008039236068726,0.0,0.0,0.0,0.0,0.0,0.0,0.0
2.0390,2,0,-0.10000000149011612,-0.5400000214576721,0.11999999731779099,-0.18000000715255737,0.07000000029802322,-0.9399999976158142,0.25999999046325684,-0.05000000074505806,-0.08000001311302185,0.16999999806284904,0.11750000715255737,-0.07000000029802322,-0.04000002145767212,0.14999999105930328,2.72524751026513e-16,-0.9887283444404602,-0.3754069209098816,-0.5150629281997681,-1.2938213348388672,-4.879094123840332,-0.9008039236068726,0.0,0.0,0.0,0.0,0.0,0.0,0.0
2.0591,2,0,-0.10000000149011612,-0.5400000214576721,0.11999999731779099,-0.18000000715255737,0.07000000029802322,-0.9399999976158142,0.25999999046325684,-0.05000000074505806,-0.08000001311302185,0.16999999806284904,0.11750000715255737,-0.07000000029802322,-0.04000002145767212,0.14999999105930328,2.72524751026513e-16,-0.9887283444404602,-0.3754069209098816,-0.5150629281997681,-1.2938213348388672,-4.879094123840332,-0.9008039236068726,0.0,0.0,0.0,0.0,0.0,0.0,0.0
2.0793,2,0,-0.10000000149011612,-0.5400000214576721,0.11999999731779099,-0.18000000715255737,0.07000000029802322,-0.9399999976158142,0.25999999046325684,-0.05000000074505806,-0.08000001311302185,0.16999999806284904,0.11750000715255737,-0.07000000029802322,-0.04000002145767212,0.14999999105930328,2.72524751026513e-16,-0.9887283444404602,-0.3754069209098816,-0.5150629281997681,-1.2938213348388672,-4.879094123840332,-0.9008039236068726,0.0,0.0,0.0,0.0,0.0,0.0,0.0
2.0994,2,0,-0.10000000149011612,-0.5400000214576721,0.11999999731779099,-0.18000000715255737,0.07000000029802322,-0.9399999976158142,0.25999999046325684,-0.05000000074505806,-0.08000001311302185,0.16999999806284904,0.11750000715255737,-0.07000000029802322,-0.04000002145767212,0.14999999105930328,2.72524751026513e-16,-0.9887283444404602,-0.3754069209098816,-0.5150629281997681,-1.2938213348388672,-4.879094123840332,-0.9008039236068726,0.0,0.0,0.0,0.0,0.0,0.0,0.0
2.1195,2,0,-0.10000000149011612,-0.5400000214576721,0.11999999731779099,-0.18000000715255737,0.07000000029802322,-0.9399999976158142,0.25999999046325684,-0.05000000074505806,-0.08000001311302185,0.16999999806284904,0.11750000715255737,-0.07000000029802322,-0.04000002145767212,0.14999999105930328,2.72524751026513e-16,-0.9887283444404602,-0.3754069209098816,-0.5150629281997681,-1.2938213348388672,-4.879094123840332,-0.9008039236068726,0.0,0.0,0.0,0.0,0.0,0.0,0.0
2.1396,2,0,-0.10000000149011612,-0.5400000214576721,0.11999999731779099,-0.18000000715255737,0.07000000029802322,-0.9399999976158142,0.25999999046325684,-0.05000000074505806,-0.08000001311302185,0.16999999806284904,0.11750000715255737,-0.07000000029802322,-0.04000002145767212,0.14999999105930328,2.72524751026513e-16,-0.9887283444404602,-0.3754069209098816,-0.5150629281997681,-1.2938213348388672,-4.879094123840332,-0.9008039236068726,0.0,0.0,0.0,0.0,0.0,0.0,0.0
2.1598,2,0,-0.10000000149011612,-0.5400000214576721,0.11999999731779099,-0.18000000715255737,0.07000000029802322,-0.9399999976158142,0.25999999046325684,-0.05000000074505806,-0.08000001311302185,0.16999999806284904,0.11750000715255737,-0.07000000029802322,-0.04000002145767212,0.14999999105930328,2.72524751026513e-16,-0.9887283444404602,-0.3754069209098816,-0.5150629281997681,-1.2938213348388672,-4.879094123840332,-0.9008039236068726,0.0,0.0,0.0,0.0,0.0,0.0,0.0
2.1799,2,0,-0.10000000149011612,-0.5400000214576721,0.12250000238418579,-0.17000000178813934,0.05999999865889549,-0.9449999928474426,0.25999999046325684,-0.05000000074505806,-0.08000001311302185,0.17250000312924385,0.1275000125169754,-0.08000000193715096,-0.04500001668930054,0.14999999105930328,2.72524751026513e-16,-0.9887283444404602,-0.3754069209098816,-0.5150629281997681,-1.2938213348388672,-4.879094123840332,-0.9008039236068726,0.0,0.0,0.0,0.0,0.0,0.0,0.0
2.2000,2,0,-0.10000000149011612,-0.5400000214576721,0.12250000238418579,-0.17000000178813934,0.05999999865889549,-0.9449999928474426,0.25999999046325684,-0.05000000074505806,-0.08000001311302185,0.17250000312924385,0.1275000125169754,-0.08000000193715096,-0.04500001668930054,0.14999999105930328,2.72524751026513e-16,-0.9887283444404602,-0.3754069209098816,-0.5150629281997681,-1.2938213348388672,-4.879094123840332,-0.9008039236068726,0.0,0.0,0.0,0.0,0.0,0.0,0.0
2.2201,2,0,-0.10000000149011612,-0.5400000214576721,0.12250000238418579,-0.17000000178813934,0.05999999865889549,-0.9449999928474426,0.25999999046325684,-0.05000000074505806,-0.08000001311302185,0.17250000312924385,0.1275000125169754,-0.08000000193715096,-0.04500001668930054,0.14999999105930328,2.72524751026513e-16,-0.9887283444404602,-0.3754069209098816,-0.5150629281997681,-1.2938213348388672,-4.879094123840332,-0.9008039236068726,0.0,0.0,0.0,0.0,0.0,0.0,0.0
2.2403,2,0,-0.10000000149011612,-0.5400000214576721,0.12250000238418579,-0.17000000178813934,0.05999999865889549,-0.9449999928474426,0.25999999046325684,-0.05000000074505806,-0.08000001311302185,0.17250000312924385,0.1275000125169754,-0.08000000193715096,-0.04500001668930054,0.14999999105930328,2.72524751026513e-16,-0.9887283444404602,-0.3754069209098816,-0.5150629281997681,-1.2938213348388672,-4.879094123840332,-0.9008039236068726,0.0,0.0,0.0,0.0,0.0,0.0,0.0
2.2605,2,0,-0.10000000149011612,-0.5400000214576721,0.12250000238418579,-0.17000000178813934,0.05999999865889549,-0.9449999928474426,0.25999999046325684,-0.05000000074505806,-0.08000001311302185,0.17250000312924385,0.1275000125169754,-0.08000000193715096,-0.04500001668930054,0.14999999105930328,2.72524751026513e-16,-0.9887283444404602,-0.3754069209098816,-0.5150629281997681,-1.2938213348388672,-4.879094123840332,-0.9008039236068726,0.0,0.0,0.0,0.0,0.0,0.0,0.0
2.2806,2,0,-0.10000000149011612,-0.5400000214576721,0.12250000238418579,-0.17000000178813934,0.05999999865889549,-0.9449999928474426,0.25999999046325684,-0.05000000074505806,-0.08000001311302185,0.17250000312924385,0.1275000125169754,-0.08000000193715096,-0.04500001668930054,0.14999999105930328,2.72524751026513e-16,-0.9887283444404602,-0.3754069209098816,-0.5150629281997681,-1.2938213348388672,-4.879094123840332,-0.9008039236068726,0.0,0.0,0.0,0.0,0.0,0.0,0.0
2.3007,2,0,-0.10000000149011612,-0.5400000214576721,0.12250000238418579,-0.17000000178813934,0.05999999865889549,-0.9449999928474426,0.25999999046325684,-0.05000000074505806,-0.08000001311302185,0.17250000312924385,0.1275000125169754,-0.08000000193715096,-0.04500001668930054,0.14999999105930328,2.72524751026513e-16,-0.9887283444404602,-0.3754069209098816,-0.5150629281997681,-1.2938213348388672,-4.879094123840332,-0.9008039236068726,0.0,0.0,0.0,0.0,0.0,0.0,0.0
2.3209,2,0,-0.10000000149011612,-0.5400000214576721,0.12250000238418579,-0.17000000178813934,0.05999999865889549,-0.9449999928474426,0.25999999046325684,-0.05000000074505806,-0.08000001311302185,0.17250000312924385,0.1275000125169754,-0.08000000193715096,-0.04500001668930054,0.14999999105930328,2.72524751026513e-16,-0.9887283444404602,-0.3754069209098816,-0.5150629281997681,-1.2938213348388672,-4.879094123840332,-0.9008039236068726,0.0,0.0,0.0,0.0,0.0,0.0,0.0
2.3410,2,0,-0.10000000149011612,-0.5400000214576721,0.12250000238418579,-0.17000000178813934,0.05999999865889549,-0.9449999928474426,0.25999999046325684,-0.05000000074505806,-0.08000001311302185,0.17250000312924385,0.1275000125169754,-0.08000000193715096,-0.04500001668930054,0.14999999105930328,2.72524751026513e-16,-0.9887283444404602,-0.3754069209098816,-0.5150629281997681,-1.2938213348388672,-4.879094123840332,-0.9008039236068726,0.0,0.0,0.0,0.0,0.0,0.0,0.0
2.3611,2,0,-0.10000000149011612,-0.5400000214576721,0.12250000238418579,-0.17000000178813934,0.05999999865889549,-0.9449999928474426,0.25999999046325684,-0.05000000074505806,-0.08000001311302185,0.17250000312924385,0.1275000125169754,-0.08000000193715096,-0.04500001668930054,0.14999999105930328,2.72524751026513e-16,-0.9887283444404602,-0.3754069209098816,-0.5150629281997681,-1.2938213348388672,-4.879094123840332,-0.9008039236068726,0.0,0.0,0.0,0.0,0.0,0.0,0.0
2.3812,2,0,-0.10000000149011612,-0.5400000214576721,0.14000000059604645,-0.1599999964237213,0.04500000178813934,-0.949999988079071,0.25999999046325684,-0.05000000074505806,-0.08000001311302185,0.1900000013411045,0.13750001788139343,-0.0949999988079071,-0.050000011920928955,0.14999999105930328,2.72524751026513e-16,-0.9887283444404602,-0.3754069209098816,-0.5150629281997681,-1.2938213348388672,-4.879094123840332,-0.9008039236068726,0.0,0.0,0.0,0.0,0.0,0.0,0.0
2.4013,2,0,-0.10000000149011612,-0.5400000214576721,0.14000000059604645,-0.1599999964237213,0.04500000178813934,-0.949999988079071,0.25999999046325684,-0.05000000074505806,-0.08000001311302185,0.1900000013411045,0.13750001788139343,-0.0949999988079071,-0.050000011920928955,0.14999999105930328,2.72524751026513e-16,-0.9887283444404602,-0.3754069209098816,-0.5150629281997681,-1.2938213348388672,-4.879094123840332,-0.9008039236068726,0.0,0.0,0.0,0.0,0.0,0.0,0.0
2.4214,2,0,-0.10000000149011612,-0.5400000214576721,0.14000000059604645,-0.1599999964237213,0.04500000178813934,-0.949999988079071,0.25999999046325684,-0.05000000074505806,-0.08000001311302185,0.1900000013411045,0.13750001788139343,-0.0949999988079071,-0.050000011920928955,0.14999999105930328,2.72524751026513e-16,-0.9887283444404602,-0.3754069209098816,-0.5150629281997681,-1.2938213348388672,-4.879094123840332,-0.9008039236068726,0.0,0.0,0.0,0.0,0.0,0.0,0.0
2.4417,2,0,-0.10000000149011612,-0.5400000214576721,0.14000000059604645,-0.1599999964237213,0.04500000178813934,-0.949999988079071,0.25999999046325684,-0.05000000074505806,-0.08000001311302185,0.1900000013411045,0.13750001788139343,-0.0949999988079071,-0.050000011920928955,0.14999999105930328,2.72524751026513e-16,-0.9887283444404602,-0.3754069209098816,-0.5150629281997681,-1.2938213348388672,-4.879094123840332,-0.9008039236068726,0.0,0.0,0.0,0.0,0.0,0.0,0.0
2.4618,2,0,-0.10000000149011612,-0.5400000214576721,0.14000000059604645,-0.1599999964237213,0.04500000178813934,-0.949999988079071,0.25999999046325684,-0.05000000074505806,-0.08000001311302185,0.1900000013411045,0.13750001788139343,-0.0949999988079071,-0.050000011920928955,0.14999999105930328,2.72524751026513e-16,-0.9887283444404602,-0.3754069209098816,-0.5150629281997681,-1.2938213348388672,-4.879094123840332,-0.9008039236068726,0.0,0.0,0.0,0.0,0.0,0.0,0.0
2.4819,2,0,-0.10000000149011612,-0.5400000214576721,0.14000000059604645,-0.1599999964237213,0.04500000178813934,-0.949999988079071,0.25999999046325684,-0.05000000074505806,-0.08000001311302185,0.1900000013411045,0.13750001788139343,-0.0949999988079071,-0.050000011920928955,0.14999999105930328,2.72524751026513e-16,-0.9887283444404602,-0.3754069209098816,-0.5150629281997681,-1.2938213348388672,-4.879094123840332,-0.9008039236068726,0.0,0.0,0.0,0.0,0.0,0.0,0.0
2.5020,2,0,-0.10000000149011612,-0.5400000214576721,0.14000000059604645,-0.1599999964237213,0.04500000178813934,-0.949999988079071,0.25999999046325684,-0.05000000074505806,-0.08000001311302185,0.1900000013411045,0.13750001788139343,-0.0949999988079071,-0.050000011920928955,0.14999999105930328,2.72524751026513e-16,-0.9887283444404602,-0.3754069209098816,-0.5150629281997681,-1.2938213348388672,-4.879094123840332,-0.9008039236068726,0.0,0.0,0.0,0.0,0.0,0.0,0.0
2.5222,2,0,-0.10000000149011612,-0.5400000214576721,0.14000000059604645,-0.1599999964237213,0.04500000178813934,-0.949999988079071,0.25999999046325684,-0.05000000074505806,-0.08000001311302185,0.1900000013411045,0.13750001788139343,-0.0949999988079071,-0.050000011920928955,0.14999999105930328,2.72524751026513e-16,-0.9887283444404602,-0.3754069209098816,-0.5150629281997681,-1.2938213348388672,-4.879094123840332,-0.9008039236068726,0.0,0.0,0.0,0.0,0.0,0.0,0.0
2.5423,2,0,-0.10000000149011612,-0.5400000214576721,0.14000000059604645,-0.1599999964237213,0.04500000178813934,-0.949999988079071,0.25999999046325684,-0.05000000074505806,-0.08000001311302185,0.1900000013411045,0.13750001788139343,-0.0949999988079071,-0.050000011920928955,0.14999999105930328,2.72524751026513e-16,-0.9887283444404602,-0.3754069209098816,-0.5150629281997681,-1.2938213348388672,-4.879094123840332,-0.9008039236068726,0.0,0.0,0.0,0.0,0.0,0.0,0.0
2.5625,2,0,-0.10000000149011612,-0.5400000214576721,0.14000000059604645,-0.1599999964237213,0.04500000178813934,-0.949999988079071,0.25999999046325684,-0.05000000074505806,-0.08000001311302185,0.1900000013411045,0.13750001788139343,-0.0949999988079071,-0.050000011920928955,0.14999999105930328,2.72524751026513e-16,-0.9887283444404602,-0.3754069209098816,-0.5150629281997681,-1.2938213348388672,-4.879094123840332,-0.9008039236068726,0.0,0.0,0.0,0.0,0.0,0.0,0.0
2.5826,2,0,-0.10000000149011612,-0.5400000214576721,0.14000000059604645,-0.15000000596046448,0.03999999910593033,-0.949999988079071,0.25999999046325684,-0.05000000074505806,-0.08000001311302185,0.1900000013411045,0.14750000834465027,-0.10000000149011612,-0.050000011920928955,0.14999999105930328,2.72524751026513e-16,-0.9887283444404602,-0.3754069209098816,-0.5150629281997681,-1.2938213348388672,-4.879094123840332,-0.9008039236068726,0.0,0.0,0.0,0.0,0.0,0.0,0.0
2.6027,2,0,-0.10000000149011612,-0.5400000214576721,0.14000000059604645,-0.15000000596046448,0.03999999910593033,-0.949999988079071,0.25999999046325684,-0.05000000074505806,-0.08000001311302185,0.1900000013411045,0.14750000834465027,-0.10000000149011612,-0.050000011920928955,0.14999999105930328,2.72524751026513e-16,-0.9887283444404602,-0.3754069209098816,-0.5150629281997681,-1.2938213348388672,-4.879094123840332,-0.9008039236068726,0.0,0.0,0.0,0.0,0.0,0.0,0.0
2.6229,2,0,-0.10000000149011612,-0.5400000214576721,0.14000000059604645,-0.15000000596046448,0.03999999910593033,-0.949999988079071,0.25999999046325684,-0.05000000074505806,-0.08000001311302185,0.1900000013411045,0.14750000834465027,-0.10000000149011612,-0.050000011920928955,0.14999999105930328,2.72524751026513e-16,-0.9887283444404602,-0.3754069209098816,-0.5150629281997681,-1.2938213348388672,-4.879094123840332,-0.9008039236068726,0.0,0.0,0.0,0.0,0.0,0.0,0.0
2.6431,2,0,-0.10000000149011612,-0.5400000214576721,0.14000000059604645,-0.15000000596046448,0.03999999910593033,-0.949999988079071,0.25999999046325684,-0.05000000074505806,-0.08000001311302185,0.1900000013411045,0.14750000834465027,-0.10000000149011612,-0.050000011920928955,0.14999999105930328,2.72524751026513e-16,-0.9887283444404602,-0.3754069209098816,-0.5150629281997681,-1.2938213348388672,-4.879094123840332,-0.9008039236068726,0.0,0.0,0.0,0.0,0.0,0.0,0.0
2.6633,2,0,-0.10000000149011612,-0.5400000214576721,0.14000000059604645,-0.15000000596046448,0.03999999910593033,-0.949999988079071,0.25999999046325684,-0.05000000074505806,-0.08000001311302185,0.1900000013411045,0.14750000834465027,-0.10000000149011612,-0.050000011920928955,0.14999999105930328,2.72524751026513e-16,-0.9887283444404602,-0.3754069209098816,-0.5150629281997681,-1.2938213348388672,-4.879094123840332,-0.9008039236068726,0.0,0.0,0.0,0.0,0.0,0.0,0.0
2.6834,2,0,-0.10000000149011612,-0.5400000214576721,0.14000000059604645,-0.15000000596046448,0.03999999910593033,-0.949999988079071,0.25999999046325684,-0.05000000074505806,-0.08000001311302185,0.1900000013411045,0.14750000834465027,-0.10000000149011612,-0.050000011920928955,0.14999999105930328,2.72524751026513e-16,-0.9887283444404602,-0.3754069209098816,-0.5150629281997681,-1.2938213348388672,-4.879094123840332,-0.9008039236068726,0.0,0.0,0.0,0.0,0.0,0.0,0.0
2.7036,2,0,-0.10000000149011612,-0.5400000214576721,0.14000000059604645,-0.15000000596046448,0.03999999910593033,-0.949999988079071,0.25999999046325684,-0.05000000074505806,-0.08000001311302185,0.1900000013411045,0.14750000834465027,-0.10000000149011612,-0.050000011920928955,0.14999999105930328,2.72524751026513e-16,-0.9887283444404602,-0.3754069209098816,-0.5150629281997681,-1.2938213348388672,-4.879094123840332,-0.9008039236068726,0.0,0.0,0.0,0.0,0.0,0.0,0.0
2.7237,2,0,-0.10000000149011612,-0.5400000214576721,0.14000000059604645,-0.15000000596046448,0.03999999910593033,-0.949999988079071,0.25999999046325684,-0.05000000074505806,-0.08000001311302185,0.1900000013411045,0.14750000834465027,-0.10000000149011612,-0.050000011920928955,0.14999999105930328,2.72524751026513e-16,-0.9887283444404602,-0.3754069209098816,-0.5150629281997681,-1.2938213348388672,-4.879094123840332,-0.9008039236068726,0.0,0.0,0.0,0.0,0.0,0.0,0.0
2.7439,2,0,-0.10000000149011612,-0.5400000214576721,0.14000000059604645,-0.15000000596046448,0.03999999910593033,-0.949999988079071,0.25999999046325684,-0.05000000074505806,-0.08000001311302185,0.1900000013411045,0.14750000834465027,-0.10000000149011612,-0.050000011920928955,0.14999999105930328,2.72524751026513e-16,-0.9887283444404602,-0.3754069209098816,-0.5150629281997681,-1.2938213348388672,-4.879094123840332,-0.9008039236068726,0.0,0.0,0.0,0.0,0.0,0.0,0.0
2.7640,2,0,-0.10000000149011612,-0.5400000214576721,0.14000000059604645,-0.15000000596046448,0.03999999910593033,-0.949999988079071,0.25999999046325684,-0.05000000074505806,-0.08000001311302185,0.1900000013411045,0.14750000834465027,-0.10000000149011612,-0.050000011920928955,0.14999999105930328,2.72524751026513e-16,-0.9887283444404602,-0.3754069209098816,-0.5150629281997681,-1.2938213348388672,-4.879094123840332,-0.9008039236068726,0.0,0.0,0.0,0.0,0.0,0.0,0.0
2.7842,2,0,-0.10249999910593033,-0.5475000143051147,0.1599999964237213,-0.14000000059604645,0.029999999329447746,-0.949999988079071,0.25999999046325684,-0.05249999836087227,-0.08750000596046448,0.20999999716877937,0.1575000137090683,-0.1100000012665987,-0.050000011920928955,0.14999999105930328,2.72524751026513e-16,-0.9887283444404602,-0.3754069209098816,-0.5150629281997681,-1.2938213348388672,-4.879094123840332,-0.9008039236068726,0.0,0.0,0.0,0.0,0.0,0.0,0.0
2.8043,2,0,-0.10249999910593033,-0.5475000143051147,0.1599999964237213,-0.14000000059604645,0.029999999329447746,-0.949999988079071,0.25999999046325684,-0.05249999836087227,-0.08750000596046448,0.20999999716877937,0.1575000137090683,-0.1100000012665987,-0.050000011920928955,0.14999999105930328,2.72524751026513e-16,-0.9887283444404602,-0.3754069209098816,-0.5150629281997681,-1.2938213348388672,-4.879094123840332,-0.9008039236068726,0.0,0.0,0.0,0.0,0.0,0.0,0.0
2.8244,2,0,-0.10249999910593033,-0.5475000143051147,0.1599999964237213,-0.14000000059604645,0.029999999329447746,-0.949999988079071,0.25999999046325684,-0.05249999836087227,-0.08750000596046448,0.20999999716877937,0.1575000137090683,-0.1100000012665987,-0.050000011920928955,0.14999999105930328,2.72524751026513e-16,-0.9887283444404602,-0.3754069209098816,-0.5150629281997681,-1.2938213348388672,-4.879094123840332,-0.9008039236068726,0.0,0.0,0.0,0.0,0.0,0.0,0.0
2.8446,2,0,-0.10249999910593033,-0.5475000143051147,0.1599999964237213,-0.14000000059604645,0.029999999329447746,-0.949999988079071,0.25999999046325684,-0.05249999836087227,-0.08750000596046448,0.20999999716877937,0.1575000137090683,-0.1100000012665987,-0.050000011920928955,0.14999999105930328,2.72524751026513e-16,-0.9887283444404602,-0.3754069209098816,-0.5150629281997681,-1.2938213348388672,-4.879094123840332,-0.9008039236068726,0.0,0.0,0.0,0.0,0.0,0.0,0.0
2.8648,2,0,-0.10249999910593033,-0.5475000143051147,0.1599999964237213,-0.14000000059604645,0.029999999329447746,-0.949999988079071,0.25999999046325684,-0.05249999836087227,-0.08750000596046448,0.20999999716877937,0.1575000137090683,-0.1100000012665987,-0.050000011920928955,0.14999999105930328,2.72524751026513e-16,-0.9887283444404602,-0.3754069209098816,-0.5150629281997681,-1.2938213348388672,-4.879094123840332,-0.9008039236068726,0.0,0.0,0.0,0.0,0.0,0.0,0.0
2.8849,2,0,-0.10249999910593033,-0.5475000143051147,0.1599999964237213,-0.14000000059604645,0.029999999329447746,-0.949999988079071,0.25999999046325684,-0.05249999836087227,-0.08750000596046448,0.20999999716877937,0.1575000137090683,-0.1100000012665987,-0.050000011920928955,0.14999999105930328,2.72524751026513e-16,-0.9887283444404602,-0.3754069209098816,-0.5150629281997681,-1.2938213348388672,-4.879094123840332,-0.9008039236068726,0.0,0.0,0.0,0.0,0.0,0.0,0.0
2.9050,2,0,-0.10249999910593033,-0.5475000143051147,0.1599999964237213,-0.14000000059604645,0.029999999329447746,-0.949999988079071,0.25999999046325684,-0.05249999836087227,-0.08750000596046448,0.20999999716877937,0.1575000137090683,-0.1100000012665987,-0.050000011920928955,0.14999999105930328,2.72524751026513e-16,-0.9887283444404602,-0.3754069209098816,-0.5150629281997681,-1.2938213348388672,-4.879094123840332,-0.9008039236068726,0.0,0.0,0.0,0.0,0.0,0.0,0.0
2.9251,2,0,-0.10249999910593033,-0.5475000143051147,0.1599999964237213,-0.14000000059604645,0.029999999329447746,-0.949999988079071,0.25999999046325684,-0.05249999836087227,-0.08750000596046448,0.20999999716877937,0.1575000137090683,-0.1100000012665987,-0.050000011920928955,0.14999999105930328,2.72524751026513e-16,-0.9887283444404602,-0.3754069209098816,-0.5150629281997681,-1.2938213348388672,-4.879094123840332,-0.9008039236068726,0.0,0.0,0.0,0.0,0.0,0.0,0.0
2.9452,2,0,-0.10249999910593033,-0.5475000143051147,0.1599999964237213,-0.14000000059604645,0.029999999329447746,-0.949999988079071,0.25999999046325684,-0.05249999836087227,-0.08750000596046448,0.20999999716877937,0.1575000137090683,-0.1100000012665987,-0.050000011920928955,0.14999999105930328,2.72524751026513e-16,-0.9887283444404602,-0.3754069209098816,-0.5150629281997681,-1.2938213348388672,-4.879094123840332,-0.9008039236068726,0.0,0.0,0.0,0.0,0.0,0.0,0.0
2.9653,2,0,-0.10249999910593033,-0.5475000143051147,0.1599999964237213,-0.14000000059604645,0.029999999329447746,-0.949999988079071,0.25999999046325684,-0.05249999836087227,-0.08750000596046448,0.20999999716877937,0.1575000137090683,-0.1100000012665987,-0.050000011920928955,0.14999999105930328,2.72524751026513e-16,-0.9887283444404602,-0.3754069209098816,-0.5150629281997681,-1.2938213348388672,-4.879094123840332,-0.9008039236068726,0.0,0.0,0.0,0.0,0.0,0.0,0.0
2.9854,2,0,-0.10249999910593033,-0.5525000095367432,0.16249999403953552,-0.12999999523162842,0.019999999552965164,-0.949999988079071,0.25999999046325684,-0.05249999836087227,-0.0925000011920929,0.21249999478459358,0.16750001907348633,-0.12000000104308128,-0.050000011920928955,0.14999999105930328,2.72524751026513e-16,-0.9887283444404602,-0.3754069209098816,-0.5150629281997681,-1.2938213348388672,-4.879094123840332,-0.9008039236068726,0.0,0.0,0.0,0.0,0.0,0.0,0.0
3.0055,2,0,-0.10249999910593033,-0.5525000095367432,0.16249999403953552,-0.12999999523162842,0.019999999552965164,-0.949999988079071,0.25999999046325684,-0.05249999836087227,-0.0925000011920929,0.21249999478459358,0.16750001907348633,-0.12000000104308128,-0.050000011920928955,0.14999999105930328,2.72524751026513e-16,-0.9887283444404602,-0.3754069209098816,-0.5150629281997681,-1.2938213348388672,-4.879094123840332,-0.9008039236068726,0.0,0.0,0.0,0.0,0.0,0.0,0.0
3.0256,2,0,-0.10249999910593033,-0.5525000095367432,0.16249999403953552,-0.12999999523162842,0.019999999552965164,-0.949999988079071,0.25999999046325684,-0.05249999836087227,-0.0925000011920929,0.21249999478459358,0.16750001907348633,-0.12000000104308128,-0.050000011920928955,0.14999999105930328,2.72524751026513e-16,-0.9887283444404602,-0.3754069209098816,-0.5150629281997681,-1.2938213348388672,-4.879094123840332,-0.9008039236068726,0.0,0.0,0.0,0.0,0.0,0.0,0.0
3.0458,2,0,-0.10249999910593033,-0.5525000095367432,0.16249999403953552,-0.12999999523162842,0.019999999552965164,-0.949999988079071,0.25999999046325684,-0.05249999836087227,-0.0925000011920929,0.21249999478459358,0.16750001907348633,-0.12000000104308128,-0.050000011920928955,0.14999999105930328,2.72524751026513e-16,-0.9887283444404602,-0.3754069209098816,-0.5150629281997681,-1.2938213348388672,-4.879094123840332,-0.9008039236068726,0.0,0.0,0.0,0.0,0.0,0.0,0.0
3.0659,2,0,-0.10249999910593033,-0.5525000095367432,0.16249999403953552,-0.12999999523162842,0.019999999552965164,-0.949999988079071,0.25999999046325684,-0.05249999836087227,-0.0925000011920929,0.21249999478459358,0.16750001907348633,-0.12000000104308128,-0.050000011920928955,0.14999999105930328,2.72524751026513e-16,-0.9887283444404602,-0.3754069209098816,-0.5150629281997681,-1.2938213348388672,-4.879094123840332,-0.9008039236068726,0.0,0.0,0.0,0.0,0.0,0.0,0.0
3.0861,2,0,-0.10249999910593033,-0.5525000095367432,0.16249999403953552,-0.12999999523162842,0.019999999552965164,-0.949999988079071,0.25999999046325684,-0.05249999836087227,-0.0925000011920929,0.21249999478459358,0.16750001907348633,-0.12000000104308128,-0.050000011920928955,0.14999999105930328,2.72524751026513e-16,-0.9887283444404602,-0.3754069209098816,-0.5150629281997681,-1.2938213348388672,-4.879094123840332,-0.9008039236068726,0.0,0.0,0.0,0.0,0.0,0.0,0.0
3.1062,2,0,-0.10249999910593033,-0.5525000095367432,0.16249999403953552,-0.12999999523162842,0.019999999552965164,-0.949999988079071,0.25999999046325684,-0.05249999836087227,-0.0925000011920929,0.21249999478459358,0.16750001907348633,-0.12000000104308128,-0.050000011920928955,0.14999999105930328,2.72524751026513e-16,-0.9887283444404602,-0.3754069209098816,-0.5150629281997681,-1.2938213348388672,-4.879094123840332,-0.9008039236068726,0.0,0.0,0.0,0.0,0.0,0.0,0.0
3.1264,2,0,-0.10249999910593033,-0.5525000095367432,0.16249999403953552,-0.12999999523162842,0.019999999552965164,-0.949999988079071,0.25999999046325684,-0.05249999836087227,-0.0925000011920929,0.21249999478459358,0.16750001907348633,-0.12000000104308128,-0.050000011920928955,0.14999999105930328,2.72524751026513e-16,-0.9887283444404602,-0.3754069209098816,-0.5150629281997681,-1.2938213348388672,-4.879094123840332,-0.9008039236068726,0.0,0.0,0.0,0.0,0.0,0.0,0.0
3.1466,2,0,-0.10249999910593033,-0.5525000095367432,0.16249999403953552,-0.12999999523162842,0.019999999552965164,-0.949999988079071,0.25999999046325684,-0.05249999836087227,-0.0925000011920929,0.21249999478459358,0.16750001907348633,-0.12000000104308128,-0.050000011920928955,0.14999999105930328,2.72524751026513e-16,-0.9887283444404602,-0.3754069209098816,-0.5150629281997681,-1.2938213348388672,-4.879094123840332,-0.9008039236068726,0.0,0.0,0.0,0.0,0.0,0.0,0.0
3.1667,2,0,-0.10249999910593033,-0.5525000095367432,0.16249999403953552,-0.12999999523162842,0.019999999552965164,-0.949999988079071,0.25999999046325684,-0.05249999836087227,-0.0925000011920929,0.21249999478459358,0.16750001907348633,-0.12000000104308128,-0.050000011920928955,0.14999999105930328,2.72524751026513e-16,-0.9887283444404602,-0.3754069209098816,-0.5150629281997681,-1.2938213348388672,-4.879094123840332,-0.9008039236068726,0.0,0.0,0.0,0.0,0.0,0.0,0.0
3.1868,2,0,-0.11249999701976776,-0.5475000143051147,0.17249999940395355,-0.11999999731779099,0.007499999832361937,-0.949999988079071,0.25999999046325684,-0.0624999962747097,-0.08750000596046448,0.2225000001490116,0.17750001698732376,-0.1325000007636845,-0.050000011920928955,0.14999999105930328,2.72524751026513e-16,-0.9887283444404602,-0.3754069209098816,-0.5150629281997681,-1.2938213348388672,-4.879094123840332,-0.9008039236068726,0.0,0.0,0.0,0.0,0.0,0.0,0.0
3.2069,2,0,-0.11249999701976776,-0.5475000143051147,0.17249999940395355,-0.11999999731779099,0.007499999832361937,-0.949999988079071,0.25999999046325684,-0.0624999962747097,-0.08750000596046448,0.2225000001490116,0.17750001698732376,-0.1325000007636845,-0.050000011920928955,0.14999999105930328,2.72524751026513e-16,-0.9887283444404602,-0.3754069209098816,-0.5150629281997681,-1.2938213348388672,-4.879094123840332,-0.9008039236068726,0.0,0.0,0.0,0.0,0.0,0.0,0.0
3.2270,2,0,-0.11249999701976776,-0.5475000143051147,0.17249999940395355,-0.11999999731779099,0.007499999832361937,-0.949999988079071,0.25999999046325684,-0.0624999962747097,-0.08750000596046448,0.2225000001490116,0.17750001698732376,-0.1325000007636845,-0.050000011920928955,0.14999999105930328,2.72524751026513e-16,-0.9887283444404602,-0.3754069209098816,-0.5150629281997681,-1.2938213348388672,-4.879094123840332,-0.9008039236068726,0.0,0.0,0.0,0.0,0.0,0.0,0.0
3.2471,2,0,-0.11249999701976776,-0.5475000143051147,0.17249999940395355,-0.11999999731779099,0.007499999832361937,-0.949999988079071,0.25999999046325684,-0.0624999962747097,-0.08750000596046448,0.2225000001490116,0.17750001698732376,-0.1325000007636845,-0.050000011920928955,0.14999999105930328,2.72524751026513e-16,-0.9887283444404602,-0.3754069209098816,-0.5150629281997681,-1.2938213348388672,-4.879094123840332,-0.9008039236068726,0.0,0.0,0.0,0.0,0.0,0.0,0.0
3.2673,2,0,-0.11249999701976776,-0.5475000143051147,0.17249999940395355,-0.11999999731779099,0.007499999832361937,-0.949999988079071,0.25999999046325684,-0.0624999962747097,-0.08750000596046448,0.2225000001490116,0.17750001698732376,-0.1325000007636845,-0.050000011920928955,0.14999999105930328,2.72524751026513e-16,-0.9887283444404602,-0.3754069209098816,-0.5150629281997681,-1.2938213348388672,-4.879094123840332,-0.9008039236068726,0.0,0.0,0.0,0.0,0.0,0.0,0.0
3.2874,2,0,-0.11249999701976776,-0.5475000143051147,0.17249999940395355,-0.11999999731779099,0.007499999832361937,-0.949999988079071,0.25999999046325684,-0.0624999962747097,-0.08750000596046448,0.2225000001490116,0.17750001698732376,-0.1325000007636845,-0.050000011920928955,0.14999999105930328,2.72524751026513e-16,-0.9887283444404602,-0.3754069209098816,-0.5150629281997681,-1.2938213348388672,-4.879094123840332,-0.9008039236068726,0.0,0.0,0.0,0.0,0.0,0.0,0.0
3.3075,2,0,-0.11249999701976776,-0.5475000143051147,0.17249999940395355,-0.11999999731779099,0.007499999832361937,-0.949999988079071,0.25999999046325684,-0.0624999962747097,-0.08750000596046448,0.2225000001490116,0.17750001698732376,-0.1325000007636845,-0.050000011920928955,0.14999999105930328,2.72524751026513e-16,-0.9887283444404602,-0.3754069209098816,-0.5150629281997681,-1.2938213348388672,-4.879094123840332,-0.9008039236068726,0.0,0.0,0.0,0.0,0.0,0.0,0.0
3.3276,2,0,-0.11249999701976776,-0.5475000143051147,0.17249999940395355,-0.11999999731779099,0.007499999832361937,-0.949999988079071,0.25999999046325684,-0.0624999962747097,-0.08750000596046448,0.2225000001490116,0.17750001698732376,-0.1325000007636845,-0.050000011920928955,0.14999999105930328,2.72524751026513e-16,-0.9887283444404602,-0.3754069209098816,-0.5150629281997681,-1.2938213348388672,-4.879094123840332,-0.9008039236068726,0.0,0.0,0.0,0.0,0.0,0.0,0.0
3.3477,2,0,-0.11249999701976776,-0.5475000143051147,0.17249999940395355,-0.11999999731779099,0.007499999832361937,-0.949999988079071,0.25999999046325684,-0.0624999962747097,-0.08750000596046448,0.2225000001490116,0.17750001698732376,-0.1325000007636845,-0.050000011920928955,0.14999999105930328,2.72524751026513e-16,-0.9887283444404602,-0.3754069209098816,-0.5150629281997681,-1.2938213348388672,-4.879094123840332,-0.9008039236068726,0.0,0.0,0.0,0.0,0.0,0.0,0.0
3.3678,2,0,-0.11249999701976776,-0.5475000143051147,0.17249999940395355,-0.11999999731779099,0.007499999832361937,-0.949999988079071,0.25999999046325684,-0.0624999962747097,-0.08750000596046448,0.2225000001490116,0.17750001698732376,-0.1325000007636845,-0.050000011920928955,0.14999999105930328,2.72524751026513e-16,-0.9887283444404602,-0.3754069209098816,-0.5150629281997681,-1.2938213348388672,-4.879094123840332,-0.9008039236068726,0.0,0.0,0.0,0.0,0.0,0.0,0.0
3.3880,2,0,-0.10999999940395355,-0.5600000023841858,0.1899999976158142,-0.10999999940395355,1.6910171179995714e-13,-0.949999988079071,0.25999999046325684,-0.05999999865889549,-0.09999999403953552,0.23999999836087227,0.1875000149011612,-0.14000000059587733,-0.050000011920928955,0.14999999105930328,2.72524751026513e-16,-0.9887283444404602,-0.3754069209098816,-0.5150629281997681,-1.2938213348388672,-4.879094123840332,-0.9008039236068726,0.0,0.0,0.0,0.0,0.0,0.0,0.0
3.4081,2,0,-0.10999999940395355,-0.5600000023841858,0.1899999976158142,-0.10999999940395355,1.6910171179995714e-13,-0.949999988079071,0.25999999046325684,-0.05999999865889549,-0.09999999403953552,0.23999999836087227,0.1875000149011612,-0.14000000059587733,-0.050000011920928955,0.14999999105930328,2.72524751026513e-16,-0.9887283444404602,-0.3754069209098816,-0.5150629281997681,-1.2938213348388672,-4.879094123840332,-0.9008039236068726,0.0,0.0,0.0,0.0,0.0,0.0,0.0
3.4282,2,0,-0.10999999940395355,-0.5600000023841858,0.1899999976158142,-0.10999999940395355,1.6910171179995714e-13,-0.949999988079071,0.25999999046325684,-0.05999999865889549,-0.09999999403953552,0.23999999836087227,0.1875000149011612,-0.14000000059587733,-0.050000011920928955,0.14999999105930328,2.72524751026513e-16,-0.9887283444404602,-0.3754069209098816,-0.5150629281997681,-1.2938213348388672,-4.879094123840332,-0.9008039236068726,0.0,0.0,0.0,0.0,0.0,0.0,0.0
3.4484,2,0,-0.10999999940395355,-0.5600000023841858,0.1899999976158142,-0.10999999940395355,1.6910171179995714e-13,-0.949999988079071,0.25999999046325684,-0.05999999865889549,-0.09999999403953552,0.23999999836087227,0.1875000149011612,-0.14000000059587733,-0.050000011920928955,0.14999999105930328,2.72524751026513e-16,-0.9887283444404602,-0.3754069209098816,-0.5150629281997681,-1.2938213348388672,-4.879094123840332,-0.9008039236068726,0.0,0.0,0.0,0.0,0.0,0.0,0.0
3.4685,2,0,-0.10999999940395355,-0.5600000023841858,0.1899999976158142,-0.10999999940395355,1.6910171179995714e-13,-0.949999988079071,0.25999999046325684,-0.05999999865889549,-0.09999999403953552,0.23999999836087227,0.1875000149011612,-0.14000000059587733,-0.050000011920928955,0.14999999105930328,2.72524751026513e-16,-0.9887283444404602,-0.3754069209098816,-0.5150629281997681,-1.2938213348388672,-4.879094123840332,-0.9008039236068726,0.0,0.0,0.0,0.0,0.0,0.0,0.0
3.4887,2,0,-0.10999999940395355,-0.5600000023841858,0.1899999976158142,-0.10999999940395355,1.6910171179995714e-13,-0.949999988079071,0.25999999046325684,-0.05999999865889549,-0.09999999403953552,0.23999999836087227,0.1875000149011612,-0.14000000059587733,-0.050000011920928955,0.14999999105930328,2.72524751026513e-16,-0.9887283444404602,-0.3754069209098816,-0.5150629281997681,-1.2938213348388672,-4.879094123840332,-0.9008039236068726,0.0,0.0,0.0,0.0,0.0,0.0,0.0
3.5088,2,0,-0.10999999940395355,-0.5600000023841858,0.1899999976158142,-0.10999999940395355,1.6910171179995714e-13,-0.949999988079071,0.25999999046325684,-0.05999999865889549,-0.09999999403953552,0.23999999836087227,0.1875000149011612,-0.14000000059587733,-0.050000011920928955,0.14999999105930328,2.72524751026513e-16,-0.9887283444404602,-0.3754069209098816,-0.5150629281997681,-1.2938213348388672,-4.879094123840332,-0.9008039236068726,0.0,0.0,0.0,0.0,0.0,0.0,0.0
3.5290,2,0,-0.10999999940395355,-0.5600000023841858,0.1899999976158142,-0.10999999940395355,1.6910171179995714e-13,-0.949999988079071,0.25999999046325684,-0.05999999865889549,-0.09999999403953552,0.23999999836087227,0.1875000149011612,-0.14000000059587733,-0.050000011920928955,0.14999999105930328,2.72524751026513e-16,-0.9887283444404602,-0.3754069209098816,-0.5150629281997681,-1.2938213348388672,-4.879094123840332,-0.9008039236068726,0.0,0.0,0.0,0.0,0.0,0.0,0.0
3.5491,2,0,-0.10999999940395355,-0.5600000023841858,0.1899999976158142,-0.10999999940395355,1.6910171179995714e-13,-0.949999988079071,0.25999999046325684,-0.05999999865889549,-0.09999999403953552,0.23999999836087227,0.1875000149011612,-0.14000000059587733,-0.050000011920928955,0.14999999105930328,2.72524751026513e-16,-0.9887283444404602,-0.3754069209098816,-0.5150629281997681,-1.2938213348388672,-4.879094123840332,-0.9008039236068726,0.0,0.0,0.0,0.0,0.0,0.0,0.0
3.5692,2,0,-0.10999999940395355,-0.5600000023841858,0.1899999976158142,-0.10999999940395355,1.6910171179995714e-13,-0.949999988079071,0.25999999046325684,-0.05999999865889549,-0.09999999403953552,0.23999999836087227,0.1875000149011612,-0.14000000059587733,-0.050000011920928955,0.14999999105930328,2.72524751026513e-16,-0.9887283444404602,-0.3754069209098816,-0.5150629281997681,-1.2938213348388672,-4.879094123840332,-0.9008039236068726,0.0,0.0,0.0,0.0,0.0,0.0,0.0
3.5893,2,0,-0.11999999731779099,-0.5600000023841858,0.1899999976158142,-0.10000000149011612,1.6910171179995714e-13,-0.9599999785423279,0.25999999046325684,-0.06999999657273293,-0.09999999403953552,0.23999999836087227,0.19750001281499863,-0.14000000059587733,-0.06000000238418579,0.14999999105930328,2.72524751026513e-16,-0.9887283444404602,-0.3754069209098816,-0.5150629281997681,-1.2938213348388672,-4.879094123840332,-0.9008039236068726,0.0,0.0,0.0,0.0,0.0,0.0,0.0
3.6096,2,0,-0.11999999731779099,-0.5600000023841858,0.1899999976158142,-0.10000000149011612,1.6910171179995714e-13,-0.9599999785423279,0.25999999046325684,-0.06999999657273293,-0.09999999403953552,0.23999999836087227,0.19750001281499863,-0.14000000059587733,-0.06000000238418579,0.14999999105930328,2.72524751026513e-16,-0.9887283444404602,-0.3754069209098816,-0.5150629281997681,-1.2938213348388672,-4.879094123840332,-0.9008039236068726,0.0,0.0,0.0,0.0,0.0,0.0,0.0
3.6297,2,0,-0.11999999731779099,-0.5600000023841858,0.1899999976158142,-0.10000000149011612,1.6910171179995714e-13,-0.9599999785423279,0.25999999046325684,-0.06999999657273293,-0.09999999403953552,0.23999999836087227,0.19750001281499863,-0.14000000059587733,-0.06000000238418579,0.14999999105930328,2.72524751026513e-16,-0.9887283444404602,-0.3754069209098816,-0.5150629281997681,-1.2938213348388672,-4.879094123840332,-0.9008039236068726,0.0,0.0,0.0,0.0,0.0,0.0,0.0
3.6499,2,0,-0.11999999731779099,-0.5600000023841858,0.1899999976158142,-0.10000000149011612,1.6910171179995714e-13,-0.9599999785423279,0.25999999046325684,-0.06999999657273293,-0.09999999403953552,0.23999999836087227,0.19750001281499863,-0.14000000059587733,-0.06000000238418579,0.14999999105930328,2.72524751026513e-16,-0.9887283444404602,-0.3754069209098816,-0.5150629281997681,-1.2938213348388672,-4.879094123840332,-0.9008039236068726,0.0,0.0,0.0,0.0,0.0,0.0,0.0
3.6700,2,0,-0.11999999731779099,-0.5600000023841858,0.1899999976158142,-0.10000000149011612,1.6910171179995714e-13,-0.9599999785423279,0.25999999046325684,-0.06999999657273293,-0.09999999403953552,0.23999999836087227,0.19750001281499863,-0.14000000059587733,-0.06000000238418579,0.14999999105930328,2.72524751026513e-16,-0.9887283444404602,-0.3754069209098816,-0.5150629281997681,-1.2938213348388672,-4.879094123840332,-0.9008039236068726,0.0,0.0,0.0,0.0,0.0,0.0,0.0
3.6902,2,0,-0.11999999731779099,-0.5600000023841858,0.1899999976158142,-0.10000000149011612,1.6910171179995714e-13,-0.9599999785423279,0.25999999046325684,-0.06999999657273293,-0.09999999403953552,0.23999999836087227,0.19750001281499863,-0.14000000059587733,-0.06000000238418579,0.14999999105930328,2.72524751026513e-16,-0.9887283444404602,-0.3754069209098816,-0.5150629281997681,-1.2938213348388672,-4.879094123840332,-0.9008039236068726,0.0,0.0,0.0,0.0,0.0,0.0,0.0
3.7103,2,0,-0.11999999731779099,-0.5600000023841858,0.1899999976158142,-0.10000000149011612,1.6910171179995714e-13,-0.9599999785423279,0.25999999046325684,-0.06999999657273293,-0.09999999403953552,0.23999999836087227,0.19750001281499863,-0.14000000059587733,-0.06000000238418579,0.14999999105930328,2.72524751026513e-16,-0.9887283444404602,-0.3754069209098816,-0.5150629281997681,-1.2938213348388672,-4.879094123840332,-0.9008039236068726,0.0,0.0,0.0,0.0,0.0,0.0,0.0
3.7305,2,0,-0.11999999731779099,-0.5600000023841858,0.1899999976158142,-0.10000000149011612,1.6910171179995714e-13,-0.9599999785423279,0.25999999046325684,-0.06999999657273293,-0.09999999403953552,0.23999999836087227,0.19750001281499863,-0.14000000059587733,-0.06000000238418579,0.14999999105930328,2.72524751026513e-16,-0.9887283444404602,-0.3754069209098816,-0.5150629281997681,-1.2938213348388672,-4.879094123840332,-0.9008039236068726,0.0,0.0,0.0,0.0,0.0,0.0,0.0
3.7507,2,0,-0.11999999731779099,-0.5600000023841858,0.1899999976158142,-0.10000000149011612,1.6910171179995714e-13,-0.9599999785423279,0.25999999046325684,-0.06999999657273293,-0.09999999403953552,0.23999999836087227,0.19750001281499863,-0.14000000059587733,-0.06000000238418579,0.14999999105930328,2.72524751026513e-16,-0.9887283444404602,-0.3754069209098816,-0.5150629281997681,-1.2938213348388672,-4.879094123840332,-0.9008039236068726,0.0,0.0,0.0,0.0,0.0,0.0,0.0
3.7708,2,0,-0.11999999731779099,-0.5600000023841858,0.1899999976158142,-0.10000000149011612,1.6910171179995714e-13,-0.9599999785423279,0.25999999046325684,-0.06999999657273293,-0.09999999403953552,0.23999999836087227,0.19750001281499863,-0.14000000059587733,-0.06000000238418579,0.14999999105930328,2.72524751026513e-16,-0.9887283444404602,-0.3754069209098816,-0.5150629281997681,-1.2938213348388672,-4.879094123840332,-0.9008039236068726,0.0,0.0,0.0,0.0,0.0,0.0,0.0
3.7909,2,0,-0.11999999731779099,-0.5600000023841858,0.20250000059604645,-0.0925000011920929,-0.017500000074505806,-0.9599999785423279,0.25999999046325684,-0.06999999657273293,-0.09999999403953552,0.2525000013411045,0.20500001311302185,-0.15750000067055225,-0.06000000238418579,0.14999999105930328,2.72524751026513e-16,-0.9887283444404602,-0.3754069209098816,-0.5150629281997681,-1.2938213348388672,-4.879094123840332,-0.9008039236068726,0.0,0.0,0.0,0.0,0.0,0.0,0.0
3.8111,2,0,-0.11999999731779099,-0.5600000023841858,0.20250000059604645,-0.0925000011920929,-0.017500000074505806,-0.9599999785423279,0.25999999046325684,-0.06999999657273293,-0.09999999403953552,0.2525000013411045,0.20500001311302185,-0.15750000067055225,-0.06000000238418579,0.14999999105930328,2.72524751026513e-16,-0.9887283444404602,-0.3754069209098816,-0.5150629281997681,-1.2938213348388672,-4.879094123840332,-0.9008039236068726,0.0,0.0,0.0,0.0,0.0,0.0,0.0
3.8312,2,0,-0.11999999731779099,-0.5600000023841858,0.20250000059604645,-0.0925000011920929,-0.017500000074505806,-0.9599999785423279,0.25999999046325684,-0.06999999657273293,-0.09999999403953552,0.2525000013411045,0.20500001311302185,-0.15750000067055225,-0.06000000238418579,0.14999999105930328,2.72524751026513e-16,-0.9887283444404602,-0.3754069209098816,-0.5150629281997681,-1.2938213348388672,-4.879094123840332,-0.9008039236068726,0.0,0.0,0.0,0.0,0.0,0.0,0.0
3.8514,2,0,-0.11999999731779099,-0.5600000023841858,0.20250000059604645,-0.0925000011920929,-0.017500000074505806,-0.9599999785423279,0.25999999046325684,-0.06999999657273293,-0.09999999403953552,0.2525000013411045,0.20500001311302185,-0.15750000067055225,-0.06000000238418579,0.14999999105930328,2.72524751026513e-16,-0.9887283444404602,-0.3754069209098816,-0.5150629281997681,-1.2938213348388672,-4.879094123840332,-0.9008039236068726,0.0,0.0,0.0,0.0,0.0,0.0,0.0
3.8715,2,0,-0.11999999731779099,-0.5600000023841858,0.20250000059604645,-0.0925000011920929,-0.017500000074505806,-0.9599999785423279,0.25999999046325684,-0.06999999657273293,-0.09999999403953552,0.2525000013411045,0.20500001311302185,-0.15750000067055225,-0.06000000238418579,0.14999999105930328,2.72524751026513e-16,-0.9887283444404602,-0.3754069209098816,-0.5150629281997681,-1.2938213348388672,-4.879094123840332,-0.9008039236068726,0.0,0.0,0.0,0.0,0.0,0.0,0.0
3.8916,2,0,-0.11999999731779099,-0.5600000023841858,0.20250000059604645,-0.0925000011920929,-0.017500000074505806,-0.9599999785423279,0.25999999046325684,-0.06999999657273293,-0.09999999403953552,0.2525000013411045,0.20500001311302185,-0.15750000067055225,-0.06000000238418579,0.14999999105930328,2.72524751026513e-16,-0.9887283444404602,-0.3754069209098816,-0.5150629281997681,-1.2938213348388672,-4.879094123840332,-0.9008039236068726,0.0,0.0,0.0,0.0,0.0,0.0,0.0
3.9117,2,0,-0.11999999731779099,-0.5600000023841858,0.20250000059604645,-0.0925000011920929,-0.017500000074505806,-0.9599999785423279,0.25999999046325684,-0.06999999657273293,-0.09999999403953552,0.2525000013411045,0.20500001311302185,-0.15750000067055225,-0.06000000238418579,0.14999999105930328,2.72524751026513e-16,-0.9887283444404602,-0.3754069209098816,-0.5150629281997681,-1.2938213348388672,-4.879094123840332,-0.9008039236068726,0.0,0.0,0.0,0.0,0.0,0.0,0.0
3.9319,2,0,-0.11999999731779099,-0.5600000023841858,0.20250000059604645,-0.0925000011920929,-0.017500000074505806,-0.9599999785423279,0.25999999046325684,-0.06999999657273293,-0.09999999403953552,0.2525000013411045,0.20500001311302185,-0.15750000067055225,-0.06000000238418579,0.14999999105930328,2.72524751026513e-16,-0.9887283444404602,-0.3754069209098816,-0.5150629281997681,-1.2938213348388672,-4.879094123840332,-0.9008039236068726,0.0,0.0,0.0,0.0,0.0,0.0,0.0
3.9520,2,0,-0.11999999731779099,-0.5600000023841858,0.20250000059604645,-0.0925000011920929,-0.017500000074505806,-0.9599999785423279,0.25999999046325684,-0.06999999657273293,-0.09999999403953552,0.2525000013411045,0.20500001311302185,-0.15750000067055225,-0.06000000238418579,0.14999999105930328,2.72524751026513e-16,-0.9887283444404602,-0.3754069209098816,-0.5150629281997681,-1.2938213348388672,-4.879094123840332,-0.9008039236068726,0.0,0.0,0.0,0.0,0.0,0.0,0.0
3.9721,2,0,-0.11999999731779099,-0.5600000023841858,0.20250000059604645,-0.0925000011920929,-0.017500000074505806,-0.9599999785423279,0.25999999046325684,-0.06999999657273293,-0.09999999403953552,0.2525000013411045,0.20500001311302185,-0.15750000067055225,-0.06000000238418579,0.14999999105930328,2.72524751026513e-16,-0.9887283444404602,-0.3754069209098816,-0.5150629281997681,-1.2938213348388672,-4.879094123840332,-0.9008039236068726,0.0,0.0,0.0,0.0,0.0,0.0,0.0
3.9922,2,0,-0.1274999976158142,-0.5475000143051147,0.20999999344348907,-0.07999999821186066,-0.029999999329447746,-0.9599999785423279,0.25999999046325684,-0.07749999687075615,-0.08750000596046448,0.25999999418854713,0.2175000160932541,-0.1699999999254942,-0.06000000238418579,0.14999999105930328,2.72524751026513e-16,-0.9887283444404602,-0.3754069209098816,-0.5150629281997681,-1.2938213348388672,-4.879094123840332,-0.9008039236068726,0.0,0.0,0.0,0.0,0.0,0.0,0.0
4.0123,2,0,-0.1274999976158142,-0.5475000143051147,0.20999999344348907,-0.07999999821186066,-0.029999999329447746,-0.9599999785423279,0.25999999046325684,-0.07749999687075615,-0.08750000596046448,0.25999999418854713,0.2175000160932541,-0.1699999999254942,-0.06000000238418579,0.14999999105930328,2.72524751026513e-16,-0.9887283444404602,-0.3754069209098816,-0.5150629281997681,-1.2938213348388672,-4.879094123840332,-0.9008039236068726,0.0,0.0,0.0,0.0,0.0,0.0,0.0
4.0324,2,0,-0.1274999976158142,-0.5475000143051147,0.20999999344348907,-0.07999999821186066,-0.029999999329447746,-0.9599999785423279,0.25999999046325684,-0.07749999687075615,-0.08750000596046448,0.25999999418854713,0.2175000160932541,-0.1699999999254942,-0.06000000238418579,0.14999999105930328,2.72524751026513e-16,-0.9887283444404602,-0.3754069209098816,-0.5150629281997681,-1.2938213348388672,-4.879094123840332,-0.9008039236068726,0.0,0.0,0.0,0.0,0.0,0.0,0.0
4.0526,2,0,-0.1274999976158142,-0.5475000143051147,0.20999999344348907,-0.07999999821186066,-0.029999999329447746,-0.9599999785423279,0.25999999046325684,-0.07749999687075615,-0.08750000596046448,0.25999999418854713,0.2175000160932541,-0.1699999999254942,-0.06000000238418579,0.14999999105930328,2.72524751026513e-16,-0.9887283444404602,-0.3754069209098816,-0.5150629281997681,-1.2938213348388672,-4.879094123840332,-0.9008039236068726,0.0,0.0,0.0,0.0,0.0,0.0,0.0
4.0727,2,0,-0.1274999976158142,-0.5475000143051147,0.20999999344348907,-0.07999999821186066,-0.029999999329447746,-0.9599999785423279,0.25999999046325684,-0.07749999687075615,-0.08750000596046448,0.25999999418854713,0.2175000160932541,-0.1699999999254942,-0.06000000238418579,0.14999999105930328,2.72524751026513e-16,-0.9887283444404602,-0.3754069209098816,-0.5150629281997681,-1.2938213348388672,-4.879094123840332,-0.9008039236068726,0.0,0.0,0.0,0.0,0.0,0.0,0.0
4.0928,2,0,-0.1274999976158142,-0.5475000143051147,0.20999999344348907,-0.07999999821186066,-0.029999999329447746,-0.9599999785423279,0.25999999046325684,-0.07749999687075615,-0.08750000596046448,0.25999999418854713,0.2175000160932541,-0.1699999999254942,-0.06000000238418579,0.14999999105930328,2.72524751026513e-16,-0.9887283444404602,-0.3754069209098816,-0.5150629281997681,-1.2938213348388672,-4.879094123840332,-0.9008039236068726,0.0,0.0,0.0,0.0,0.0,0.0,0.0
4.1130,2,0,-0.1274999976158142,-0.5475000143051147,0.20999999344348907,-0.07999999821186066,-0.029999999329447746,-0.9599999785423279,0.25999999046325684,-0.07749999687075615,-0.08750000596046448,0.25999999418854713,0.2175000160932541,-0.1699999999254942,-0.06000000238418579,0.14999999105930328,2.72524751026513e-16,-0.9887283444404602,-0.3754069209098816,-0.5150629281997681,-1.2938213348388672,-4.879094123840332,-0.9008039236068726,0.0,0.0,0.0,0.0,0.0,0.0,0.0
4.1331,2,0,-0.1274999976158142,-0.5475000143051147,0.20999999344348907,-0.07999999821186066,-0.029999999329447746,-0.9599999785423279,0.25999999046325684,-0.07749999687075615,-0.08750000596046448,0.25999999418854713,0.2175000160932541,-0.1699999999254942,-0.06000000238418579,0.14999999105930328,2.72524751026513e-16,-0.9887283444404602,-0.3754069209098816,-0.5150629281997681,-1.2938213348388672,-4.879094123840332,-0.9008039236068726,0.0,0.0,0.0,0.0,0.0,0.0,0.0
4.1532,2,0,-0.1274999976158142,-0.5475000143051147,0.20999999344348907,-0.07999999821186066,-0.029999999329447746,-0.9599999785423279,0.25999999046325684,-0.07749999687075615,-0.08750000596046448,0.25999999418854713,0.2175000160932541,-0.1699999999254942,-0.06000000238418579,0.14999999105930328,2.72524751026513e-16,-0.9887283444404602,-0.3754069209098816,-0.5150629281997681,-1.2938213348388672,-4.879094123840332,-0.9008039236068726,0.0,0.0,0.0,0.0,0.0,0.0,0.0
4.1733,2,0,-0.1274999976158142,-0.5475000143051147,0.20999999344348907,-0.07999999821186066,-0.029999999329447746,-0.9599999785423279,0.25999999046325684,-0.07749999687075615,-0.08750000596046448,0.25999999418854713,0.2175000160932541,-0.1699999999254942,-0.06000000238418579,0.14999999105930328,2.72524751026513e-16,-0.9887283444404602,-0.3754069209098816,-0.5150629281997681,-1.2938213348388672,-4.879094123840332,-0.9008039236068726,0.0,0.0,0.0,0.0,0.0,0.0,0.0
4.1934,2,0,-0.12999999523162842,-0.5425000190734863,0.2199999988079071,-0.07500000298023224,-0.03500000014901161,-0.9700000286102295,0.25999999046325684,-0.07999999448657036,-0.08250001072883606,0.26999999955296516,0.2225000113248825,-0.17500000074505806,-0.0700000524520874,0.14999999105930328,2.72524751026513e-16,-0.9887283444404602,-0.3754069209098816,-0.5150629281997681,-1.2938213348388672,-4.879094123840332,-0.9008039236068726,0.0,0.0,0.0,0.0,0.0,0.0,0.0
4.2135,2,0,-0.12999999523162842,-0.5425000190734863,0.2199999988079071,-0.07500000298023224,-0.03500000014901161,-0.9700000286102295,0.25999999046325684,-0.07999999448657036,-0.08250001072883606,0.26999999955296516,0.2225000113248825,-0.17500000074505806,-0.0700000524520874,0.14999999105930328,2.72524751026513e-16,-0.9887283444404602,-0.3754069209098816,-0.5150629281997681,-1.2938213348388672,-4.879094123840332,-0.9008039236068726,0.0,0.0,0.0,0.0,0.0,0.0,0.0
4.2336,2,0,-0.12999999523162842,-0.5425000190734863,0.2199999988079071,-0.07500000298023224,-0.03500000014901161,-0.9700000286102295,0.25999999046325684,-0.07999999448657036,-0.08250001072883606,0.26999999955296516,0.2225000113248825,-0.17500000074505806,-0.0700000524520874,0.14999999105930328,2.72524751026513e-16,-0.9887283444404602,-0.3754069209098816,-0.5150629281997681,-1.2938213348388672,-4.879094123840332,-0.9008039236068726,0.0,0.0,0.0,0.0,0.0,0.0,0.0
4.2539,2,0,-0.12999999523162842,-0.5425000190734863,0.2199999988079071,-0.07500000298023224,-0.03500000014901161,-0.9700000286102295,0.25999999046325684,-0.07999999448657036,-0.08250001072883606,0.26999999955296516,0.2225000113248825,-0.17500000074505806,-0.0700000524520874,0.14999999105930328,2.72524751026513e-16,-0.9887283444404602,-0.3754069209098816,-0.5150629281997681,-1.2938213348388672,-4.879094123840332,-0.9008039236068726,0.0,0.0,0.0,0.0,0.0,0.0,0.0
4.2740,2,0,-0.12999999523162842,-0.5425000190734863,0.2199999988079071,-0.07500000298023224,-0.03500000014901161,-0.9700000286102295,0.25999999046325684,-0.07999999448657036,-0.08250001072883606,0.26999999955296516,0.2225000113248825,-0.17500000074505806,-0.0700000524520874,0.14999999105930328,2.72524751026513e-16,-0.9887283444404602,-0.3754069209098816,-0.5150629281997681,-1.2938213348388672,-4.879094123840332,-0.9008039236068726,0.0,0.0,0.0,0.0,0.0,0.0,0.0
4.2941,2,0,-0.12999999523162842,-0.5425000190734863,0.2199999988079071,-0.07500000298023224,-0.03500000014901161,-0.9700000286102295,0.25999999046325684,-0.07999999448657036,-0.08250001072883606,0.26999999955296516,0.2225000113248825,-0.17500000074505806,-0.0700000524520874,0.14999999105930328,2.72524751026513e-16,-0.9887283444404602,-0.3754069209098816,-0.5150629281997681,-1.2938213348388672,-4.879094123840332,-0.9008039236068726,0.0,0.0,0.0,0.0,0.0,0.0,0.0
4.3142,2,0,-0.12999999523162842,-0.5425000190734863,0.2199999988079071,-0.07500000298023224,-0.03500000014901161,-0.9700000286102295,0.25999999046325684,-0.07999999448657036,-0.08250001072883606,0.26999999955296516,0.2225000113248825,-0.17500000074505806,-0.0700000524520874,0.14999999105930328,2.72524751026513e-16,-0.9887283444404602,-0.3754069209098816,-0.5150629281997681,-1.2938213348388672,-4.879094123840332,-0.9008039236068726,0.0,0.0,0.0,0.0,0.0,0.0,0.0
4.3343,2,0,-0.12999999523162842,-0.5425000190734863,0.2199999988079071,-0.07500000298023224,-0.03500000014901161,-0.9700000286102295,0.25999999046325684,-0.07999999448657036,-0.08250001072883606,0.26999999955296516,0.2225000113248825,-0.17500000074505806,-0.0700000524520874,0.14999999105930328,2.72524751026513e-16,-0.9887283444404602,-0.3754069209098816,-0.5150629281997681,-1.2938213348388672,-4.879094123840332,-0.9008039236068726,0.0,0.0,0.0,0.0,0.0,0.0,0.0
4.3544,2,0,-0.12999999523162842,-0.5425000190734863,0.2199999988079071,-0.07500000298023224,-0.03500000014901161,-0.9700000286102295,0.25999999046325684,-0.07999999448657036,-0.08250001072883606,0.26999999955296516,0.2225000113248825,-0.17500000074505806,-0.0700000524520874,0.14999999105930328,2.72524751026513e-16,-0.9887283444404602,-0.3754069209098816,-0.5150629281997681,-1.2938213348388672,-4.879094123840332,-0.9008039236068726,0.0,0.0,0.0,0.0,0.0,0.0,0.0
4.3745,2,0,-0.12999999523162842,-0.5425000190734863,0.2199999988079071,-0.07500000298023224,-0.03500000014901161,-0.9700000286102295,0.25999999046325684,-0.07999999448657036,-0.08250001072883606,0.26999999955296516,0.2225000113248825,-0.17500000074505806,-0.0700000524520874,0.14999999105930328,2.72524751026513e-16,-0.9887283444404602,-0.3754069209098816,-0.5150629281997681,-1.2938213348388672,-4.879094123840332,-0.9008039236068726,0.0,0.0,0.0,0.0,0.0,0.0,0.0
4.3946,2,0,-0.12999999523162842,-0.5350000262260437,0.23250000178813934,-0.0625,-0.05000000074505806,-0.9700000286102295,0.25999999046325684,-0.07999999448657036,-0.07500001788139343,0.2825000025331974,0.23500001430511475,-0.1900000013411045,-0.0700000524520874,0.14999999105930328,2.72524751026513e-16,-0.9887283444404602,-0.3754069209098816,-0.5150629281997681,-1.2938213348388672,-4.879094123840332,-0.9008039236068726,0.0,0.0,0.0,0.0,0.0,0.0,0.0
4.4148,2,0,-0.12999999523162842,-0.5350000262260437,0.23250000178813934,-0.0625,-0.05000000074505806,-0.9700000286102295,0.25999999046325684,-0.07999999448657036,-0.07500001788139343,0.2825000025331974,0.23500001430511475,-0.1900000013411045,-0.0700000524520874,0.14999999105930328,2.72524751026513e-16,-0.9887283444404602,-0.3754069209098816,-0.5150629281997681,-1.2938213348388672,-4.879094123840332,-0.9008039236068726,0.0,0.0,0.0,0.0,0.0,0.0,0.0
4.4349,2,0,-0.12999999523162842,-0.5350000262260437,0.23250000178813934,-0.0625,-0.05000000074505806,-0.9700000286102295,0.25999999046325684,-0.07999999448657036,-0.07500001788139343,0.2825000025331974,0.23500001430511475,-0.1900000013411045,-0.0700000524520874,0.14999999105930328,2.72524751026513e-16,-0.9887283444404602,-0.3754069209098816,-0.5150629281997681,-1.2938213348388672,-4.879094123840332,-0.9008039236068726,0.0,0.0,0.0,0.0,0.0,0.0,0.0
4.4552,2,0,-0.12999999523162842,-0.5350000262260437,0.23250000178813934,-0.0625,-0.05000000074505806,-0.9700000286102295,0.25999999046325684,-0.07999999448657036,-0.07500001788139343,0.2825000025331974,0.23500001430511475,-0.1900000013411045,-0.0700000524520874,0.14999999105930328,2.72524751026513e-16,-0.9887283444404602,-0.3754069209098816,-0.5150629281997681,-1.2938213348388672,-4.879094123840332,-0.9008039236068726,0.0,0.0,0.0,0.0,0.0,0.0,0.0
4.4753,2,0,-0.12999999523162842,-0.5350000262260437,0.23250000178813934,-0.0625,-0.05000000074505806,-0.9700000286102295,0.25999999046325684,-0.07999999448657036,-0.07500001788139343,0.2825000025331974,0.23500001430511475,-0.1900000013411045,-0.0700000524520874,0.14999999105930328,2.72524751026513e-16,-0.9887283444404602,-0.3754069209098816,-0.5150629281997681,-1.2938213348388672,-4.879094123840332,-0.9008039236068726,0.0,0.0,0.0,0.0,0.0,0.0,0.0
4.4954,2,0,-0.12999999523162842,-0.5350000262260437,0.23250000178813934,-0.0625,-0.05000000074505806,-0.9700000286102295,0.25999999046325684,-0.07999999448657036,-0.07500001788139343,0.2825000025331974,0.23500001430511475,-0.1900000013411045,-0.0700000524520874,0.14999999105930328,2.72524751026513e-16,-0.9887283444404602,-0.3754069209098816,-0.5150629281997681,-1.2938213348388672,-4.879094123840332,-0.9008039236068726,0.0,0.0,0.0,0.0,0.0,0.0,0.0
4.5156,2,0,-0.12999999523162842,-0.5350000262260437,0.23250000178813934,-0.0625,-0.05000000074505806,-0.9700000286102295,0.25999999046325684,-0.07999999448657036,-0.07500001788139343,0.2825000025331974,0.23500001430511475,-0.1900000013411045,-0.0700000524520874,0.14999999105930328,2.72524751026513e-16,-0.9887283444404602,-0.3754069209098816,-0.5150629281997681,-1.2938213348388672,-4.879094123840332,-0.9008039236068726,0.0,0.0,0.0,0.0,0.0,0.0,0.0
4.5357,2,0,-0.12999999523162842,-0.5350000262260437,0.23250000178813934,-0.0625,-0.05000000074505806,-0.9700000286102295,0.25999999046325684,-0.07999999448657036,-0.07500001788139343,0.2825000025331974,0.23500001430511475,-0.1900000013411045,-0.0700000524520874,0.14999999105930328,2.72524751026513e-16,-0.9887283444404602,-0.3754069209098816,-0.5150629281997681,-1.2938213348388672,-4.879094123840332,-0.9008039236068726,0.0,0.0,0.0,0.0,0.0,0.0,0.0
4.5558,2,0,-0.12999999523162842,-0.5350000262260437,0.23250000178813934,-0.0625,-0.05000000074505806,-0.9700000286102295,0.25999999046325684,-0.07999999448657036,-0.07500001788139343,0.2825000025331974,0.23500001430511475,-0.1900000013411045,-0.0700000524520874,0.14999999105930328,2.72524751026513e-16,-0.9887283444404602,-0.3754069209098816,-0.5150629281997681,-1.2938213348388672,-4.879094123840332,-0.9008039236068726,0.0,0.0,0.0,0.0,0.0,0.0,0.0
4.5759,2,0,-0.12999999523162842,-0.5299999713897705,0.23999999463558197,-0.05000000074505806,-0.054999999701976776,-0.9700000286102295,0.25999999046325684,-0.07999999448657036,-0.06999996304512024,0.28999999538064003,0.2475000135600567,-0.19500000029802322,-0.0700000524520874,0.14999999105930328,2.72524751026513e-16,-0.9887283444404602,-0.3754069209098816,-0.5150629281997681,-1.2938213348388672,-4.879094123840332,-0.9008039236068726,0.0,0.0,0.0,0.0,0.0,0.0,0.0
4.5961,2,0,-0.12999999523162842,-0.5299999713897705,0.23999999463558197,-0.05000000074505806,-0.054999999701976776,-0.9700000286102295,0.25999999046325684,-0.07999999448657036,-0.06999996304512024,0.28999999538064003,0.2475000135600567,-0.19500000029802322,-0.0700000524520874,0.14999999105930328,2.72524751026513e-16,-0.9887283444404602,-0.3754069209098816,-0.5150629281997681,-1.2938213348388672,-4.879094123840332,-0.9008039236068726,0.0,0.0,0.0,0.0,0.0,0.0,0.0
4.6161,2,0,-0.12999999523162842,-0.5299999713897705,0.23999999463558197,-0.05000000074505806,-0.054999999701976776,-0.9700000286102295,0.25999999046325684,-0.07999999448657036,-0.06999996304512024,0.28999999538064003,0.2475000135600567,-0.19500000029802322,-0.0700000524520874,0.14999999105930328,2.72524751026513e-16,-0.9887283444404602,-0.3754069209098816,-0.5150629281997681,-1.2938213348388672,-4.879094123840332,-0.9008039236068726,0.0,0.0,0.0,0.0,0.0,0.0,0.0
4.6362,2,0,-0.12999999523162842,-0.5299999713897705,0.23999999463558197,-0.05000000074505806,-0.054999999701976776,-0.9700000286102295,0.25999999046325684,-0.07999999448657036,-0.06999996304512024,0.28999999538064003,0.2475000135600567,-0.19500000029802322,-0.0700000524520874,0.14999999105930328,2.72524751026513e-16,-0.9887283444404602,-0.3754069209098816,-0.5150629281997681,-1.2938213348388672,-4.879094123840332,-0.9008039236068726,0.0,0.0,0.0,0.0,0.0,0.0,0.0
4.6565,2,0,-0.12999999523162842,-0.5299999713897705,0.23999999463558197,-0.05000000074505806,-0.054999999701976776,-0.9700000286102295,0.25999999046325684,-0.07999999448657036,-0.06999996304512024,0.28999999538064003,0.2475000135600567,-0.19500000029802322,-0.0700000524520874,0.14999999105930328,2.72524751026513e-16,-0.9887283444404602,-0.3754069209098816,-0.5150629281997681,-1.2938213348388672,-4.879094123840332,-0.9008039236068726,0.0,0.0,0.0,0.0,0.0,0.0,0.0
4.6766,2,0,-0.12999999523162842,-0.5299999713897705,0.23999999463558197,-0.05000000074505806,-0.054999999701976776,-0.9700000286102295,0.25999999046325684,-0.07999999448657036,-0.06999996304512024,0.28999999538064003,0.2475000135600567,-0.19500000029802322,-0.0700000524520874,0.14999999105930328,2.72524751026513e-16,-0.9887283444404602,-0.3754069209098816,-0.5150629281997681,-1.2938213348388672,-4.879094123840332,-0.9008039236068726,0.0,0.0,0.0,0.0,0.0,0.0,0.0
4.6967,2,0,-0.12999999523162842,-0.5299999713897705,0.23999999463558197,-0.05000000074505806,-0.054999999701976776,-0.9700000286102295,0.25999999046325684,-0.07999999448657036,-0.06999996304512024,0.28999999538064003,0.2475000135600567,-0.19500000029802322,-0.0700000524520874,0.14999999105930328,2.72524751026513e-16,-0.9887283444404602,-0.3754069209098816,-0.5150629281997681,-1.2938213348388672,-4.879094123840332,-0.9008039236068726,0.0,0.0,0.0,0.0,0.0,0.0,0.0
4.7168,2,0,-0.12999999523162842,-0.5299999713897705,0.23999999463558197,-0.05000000074505806,-0.054999999701976776,-0.9700000286102295,0.25999999046325684,-0.07999999448657036,-0.06999996304512024,0.28999999538064003,0.2475000135600567,-0.19500000029802322,-0.0700000524520874,0.14999999105930328,2.72524751026513e-16,-0.9887283444404602,-0.3754069209098816,-0.5150629281997681,-1.2938213348388672,-4.879094123840332,-0.9008039236068726,0.0,0.0,0.0,0.0,0.0,0.0,0.0
4.7369,2,0,-0.12999999523162842,-0.5299999713897705,0.23999999463558197,-0.05000000074505806,-0.054999999701976776,-0.9700000286102295,0.25999999046325684,-0.07999999448657036,-0.06999996304512024,0.28999999538064003,0.2475000135600567,-0.19500000029802322,-0.0700000524520874,0.14999999105930328,2.72524751026513e-16,-0.9887283444404602,-0.3754069209098816,-0.5150629281997681,-1.2938213348388672,-4.879094123840332,-0.9008039236068726,0.0,0.0,0.0,0.0,0.0,0.0,0.0
4.7570,2,0,-0.12999999523162842,-0.5299999713897705,0.23999999463558197,-0.05000000074505806,-0.054999999701976776,-0.9700000286102295,0.25999999046325684,-0.07999999448657036,-0.06999996304512024,0.28999999538064003,0.2475000135600567,-0.19500000029802322,-0.0700000524520874,0.14999999105930328,2.72524751026513e-16,-0.9887283444404602,-0.3754069209098816,-0.5150629281997681,-1.2938213348388672,-4.879094123840332,-0.9008039236068726,0.0,0.0,0.0,0.0,0.0,0.0,0.0
4.7771,2,0,-0.13249999284744263,-0.5199999809265137,0.25,-0.04749999940395355,-0.07000000029802322,-0.9700000286102295,0.25999999046325684,-0.08249999210238457,-0.0599999725818634,0.30000000074505806,0.2500000149011612,-0.21000000089406967,-0.0700000524520874,0.14999999105930328,2.72524751026513e-16,-0.9887283444404602,-0.3754069209098816,-0.5150629281997681,-1.2938213348388672,-4.879094123840332,-0.9008039236068726,0.0,0.0,0.0,0.0,0.0,0.0,0.0
4.7974,2,0,-0.13249999284744263,-0.5199999809265137,0.25,-0.04749999940395355,-0.07000000029802322,-0.9700000286102295,0.25999999046325684,-0.08249999210238457,-0.0599999725818634,0.30000000074505806,0.2500000149011612,-0.21000000089406967,-0.0700000524520874,0.14999999105930328,2.72524751026513e-16,-0.9887283444404602,-0.3754069209098816,-0.5150629281997681,-1.2938213348388672,-4.879094123840332,-0.9008039236068726,0.0,0.0,0.0,0.0,0.0,0.0,0.0
4.8175,2,0,-0.13249999284744263,-0.5199999809265137,0.25,-0.04749999940395355,-0.07000000029802322,-0.9700000286102295,0.25999999046325684,-0.08249999210238457,-0.0599999725818634,0.30000000074505806,0.2500000149011612,-0.21000000089406967,-0.0700000524520874,0.14999999105930328,2.72524751026513e-16,-0.9887283444404602,-0.3754069209098816,-0.5150629281997681,-1.2938213348388672,-4.879094123840332,-0.9008039236068726,0.0,0.0,0.0,0.0,0.0,0.0,0.0
4.8376,2,0,-0.13249999284744263,-0.5199999809265137,0.25,-0.04749999940395355,-0.07000000029802322,-0.9700000286102295,0.25999999046325684,-0.08249999210238457,-0.0599999725818634,0.30000000074505806,0.2500000149011612,-0.21000000089406967,-0.0700000524520874,0.14999999105930328,2.72524751026513e-16,-0.9887283444404602,-0.3754069209098816,-0.5150629281997681,-1.2938213348388672,-4.879094123840332,-0.9008039236068726,0.0,0.0,0.0,0.0,0.0,0.0,0.0
4.8578,2,0,-0.13249999284744263,-0.5199999809265137,0.25,-0.04749999940395355,-0.07000000029802322,-0.9700000286102295,0.25999999046325684,-0.08249999210238457,-0.0599999725818634,0.30000000074505806,0.2500000149011612,-0.21000000089406967,-0.0700000524520874,0.14999999105930328,2.72524751026513e-16,-0.9887283444404602,-0.3754069209098816,-0.5150629281997681,-1.2938213348388672,-4.879094123840332,-0.9008039236068726,0.0,0.0,0.0,0.0,0.0,0.0,0.0
4.8779,2,0,-0.13249999284744263,-0.5199999809265137,0.25,-0.04749999940395355,-0.07000000029802322,-0.9700000286102295,0.25999999046325684,-0.08249999210238457,-0.0599999725818634,0.30000000074505806,0.2500000149011612,-0.21000000089406967,-0.0700000524520874,0.14999999105930328,2.72524751026513e-16,-0.9887283444404602,-0.3754069209098816,-0.5150629281997681,-1.2938213348388672,-4.879094123840332,-0.9008039236068726,0.0,0.0,0.0,0.0,0.0,0.0,0.0
4.8981,2,0,-0.13249999284744263,-0.5199999809265137,0.25,-0.04749999940395355,-0.07000000029802322,-0.9700000286102295,0.25999999046325684,-0.08249999210238457,-0.0599999725818634,0.30000000074505806,0.2500000149011612,-0.21000000089406967,-0.0700000524520874,0.14999999105930328,2.72524751026513e-16,-0.9887283444404602,-0.3754069209098816,-0.5150629281997681,-1.2938213348388672,-4.879094123840332,-0.9008039236068726,0.0,0.0,0.0,0.0,0.0,0.0,0.0
4.9182,2,0,-0.13249999284744263,-0.5199999809265137,0.25,-0.04749999940395355,-0.07000000029802322,-0.9700000286102295,0.25999999046325684,-0.08249999210238457,-0.0599999725818634,0.30000000074505806,0.2500000149011612,-0.21000000089406967,-0.0700000524520874,0.14999999105930328,2.72524751026513e-16,-0.9887283444404602,-0.3754069209098816,-0.5150629281997681,-1.2938213348388672,-4.879094123840332,-0.9008039236068726,0.0,0.0,0.0,0.0,0.0,0.0,0.0
4.9383,2,0,-0.13249999284744263,-0.5199999809265137,0.25,-0.04749999940395355,-0.07000000029802322,-0.9700000286102295,0.25999999046325684,-0.08249999210238457,-0.0599999725818634,0.30000000074505806,0.2500000149011612,-0.21000000089406967,-0.0700000524520874,0.14999999105930328,2.72524751026513e-16,-0.9887283444404602,-0.3754069209098816,-0.5150629281997681,-1.2938213348388672,-4.879094123840332,-0.9008039236068726,0.0,0.0,0.0,0.0,0.0,0.0,0.0
4.9584,2,0,-0.13249999284744263,-0.5199999809265137,0.25,-0.04749999940395355,-0.07000000029802322,-0.9700000286102295,0.25999999046325684,-0.08249999210238457,-0.0599999725818634,0.30000000074505806,0.2500000149011612,-0.21000000089406967,-0.0700000524520874,0.14999999105930328,2.72524751026513e-16,-0.9887283444404602,-0.3754069209098816,-0.5150629281997681,-1.2938213348388672,-4.879094123840332,-0.9008039236068726,0.0,0.0,0.0,0.0,0.0,0.0,0.0
4.9785,2,0,-0.13500000536441803,-0.5099999904632568,0.25999999046325684,-0.029999999329447746,-0.07999999821186066,-0.9700000286102295,0.25999999046325684,-0.08500000461935997,-0.04999998211860657,0.3099999912083149,0.267500014975667,-0.2199999988079071,-0.0700000524520874,0.14999999105930328,2.72524751026513e-16,-0.9887283444404602,-0.3754069209098816,-0.5150629281997681,-1.2938213348388672,-4.879094123840332,-0.9008039236068726,0.0,0.0,0.0,0.0,0.0,0.0,0.0
4.9987,2,0,-0.13500000536441803,-0.5099999904632568,0.25999999046325684,-0.029999999329447746,-0.07999999821186066,-0.9700000286102295,0.25999999046325684,-0.08500000461935997,-0.04999998211860657,0.3099999912083149,0.267500014975667,-0.2199999988079071,-0.0700000524520874,0.14999999105930328,2.72524751026513e-16,-0.9887283444404602,-0.3754069209098816,-0.5150629281997681,-1.2938213348388672,-4.879094123840332,-0.9008039236068726,0.0,0.0,0.0,0.0,0.0,0.0,0.0
5.0188,2,0,-0.13500000536441803,-0.5099999904632568,0.25999999046325684,-0.029999999329447746,-0.07999999821186066,-0.9700000286102295,0.25999999046325684,-0.08500000461935997,-0.04999998211860657,0.3099999912083149,0.267500014975667,-0.2199999988079071,-0.0700000524520874,0.14999999105930328,2.72524751026513e-16,-0.9887283444404602,-0.3754069209098816,-0.5150629281997681,-1.2938213348388672,-4.879094123840332,-0.9008039236068726,0.0,0.0,0.0,0.0,0.0,0.0,0.0
5.0389,2,0,-0.13500000536441803,-0.5099999904632568,0.25999999046325684,-0.029999999329447746,-0.07999999821186066,-0.9700000286102295,0.25999999046325684,-0.08500000461935997,-0.04999998211860657,0.3099999912083149,0.267500014975667,-0.2199999988079071,-0.0700000524520874,0.14999999105930328,2.72524751026513e-16,-0.9887283444404602,-0.3754069209098816,-0.5150629281997681,-1.2938213348388672,-4.879094123840332,-0.9008039236068726,0.0,0.0,0.0,0.0,0.0,0.0,0.0
5.0592,2,0,-0.13500000536441803,-0.5099999904632568,0.25999999046325684,-0.029999999329447746,-0.07999999821186066,-0.9700000286102295,0.25999999046325684,-0.08500000461935997,-0.04999998211860657,0.3099999912083149,0.267500014975667,-0.2199999988079071,-0.0700000524520874,0.14999999105930328,2.72524751026513e-16,-0.9887283444404602,-0.3754069209098816,-0.5150629281997681,-1.2938213348388672,-4.879094123840332,-0.9008039236068726,0.0,0.0,0.0,0.0,0.0,0.0,0.0
5.0793,2,0,-0.13500000536441803,-0.5099999904632568,0.25999999046325684,-0.029999999329447746,-0.07999999821186066,-0.9700000286102295,0.25999999046325684,-0.08500000461935997,-0.04999998211860657,0.3099999912083149,0.267500014975667,-0.2199999988079071,-0.0700000524520874,0.14999999105930328,2.72524751026513e-16,-0.9887283444404602,-0.3754069209098816,-0.5150629281997681,-1.2938213348388672,-4.879094123840332,-0.9008039236068726,0.0,0.0,0.0,0.0,0.0,0.0,0.0
5.0994,2,0,-0.13500000536441803,-0.5099999904632568,0.25999999046325684,-0.029999999329447746,-0.07999999821186066,-0.9700000286102295,0.25999999046325684,-0.08500000461935997,-0.04999998211860657,0.3099999912083149,0.267500014975667,-0.2199999988079071,-0.0700000524520874,0.14999999105930328,2.72524751026513e-16,-0.9887283444404602,-0.3754069209098816,-0.5150629281997681,-1.2938213348388672,-4.879094123840332,-0.9008039236068726,0.0,0.0,0.0,0.0,0.0,0.0,0.0
5.1195,2,0,-0.13500000536441803,-0.5099999904632568,0.25999999046325684,-0.029999999329447746,-0.07999999821186066,-0.9700000286102295,0.25999999046325684,-0.08500000461935997,-0.04999998211860657,0.3099999912083149,0.267500014975667,-0.2199999988079071,-0.0700000524520874,0.14999999105930328,2.72524751026513e-16,-0.9887283444404602,-0.3754069209098816,-0.5150629281997681,-1.2938213348388672,-4.879094123840332,-0.9008039236068726,0.0,0.0,0.0,0.0,0.0,0.0,0.0
5.1397,2,0,-0.13500000536441803,-0.5099999904632568,0.25999999046325684,-0.029999999329447746,-0.07999999821186066,-0.9700000286102295,0.25999999046325684,-0.08500000461935997,-0.04999998211860657,0.3099999912083149,0.267500014975667,-0.2199999988079071,-0.0700000524520874,0.14999999105930328,2.72524751026513e-16,-0.9887283444404602,-0.3754069209098816,-0.5150629281997681,-1.2938213348388672,-4.879094123840332,-0.9008039236068726,0.0,0.0,0.0,0.0,0.0,0.0,0.0
5.1598,2,0,-0.13500000536441803,-0.5099999904632568,0.25999999046325684,-0.029999999329447746,-0.07999999821186066,-0.9700000286102295,0.25999999046325684,-0.08500000461935997,-0.04999998211860657,0.3099999912083149,0.267500014975667,-0.2199999988079071,-0.0700000524520874,0.14999999105930328,2.72524751026513e-16,-0.9887283444404602,-0.3754069209098816,-0.5150629281997681,-1.2938213348388672,-4.879094123840332,-0.9008039236068726,0.0,0.0,0.0,0.0,0.0,0.0,0.0
5.1799,2,0,-0.14000000059604645,-0.5074999928474426,0.27000001072883606,-0.029999999329447746,-0.09000000357627869,-0.9700000286102295,0.25999999046325684,-0.08999999985098839,-0.04749998450279236,0.3200000114738941,0.267500014975667,-0.23000000417232513,-0.0700000524520874,0.14999999105930328,2.72524751026513e-16,-0.9887283444404602,-0.3754069209098816,-0.5150629281997681,-1.2938213348388672,-4.879094123840332,-0.9008039236068726,0.0,0.0,0.0,0.0,0.0,0.0,0.0
5.2001,2,0,-0.14000000059604645,-0.5074999928474426,0.27000001072883606,-0.029999999329447746,-0.09000000357627869,-0.9700000286102295,0.25999999046325684,-0.08999999985098839,-0.04749998450279236,0.3200000114738941,0.267500014975667,-0.23000000417232513,-0.0700000524520874,0.14999999105930328,2.72524751026513e-16,-0.9887283444404602,-0.3754069209098816,-0.5150629281997681,-1.2938213348388672,-4.879094123840332,-0.9008039236068726,0.0,0.0,0.0,0.0,0.0,0.0,0.0
5.2202,2,0,-0.14000000059604645,-0.5074999928474426,0.27000001072883606,-0.029999999329447746,-0.09000000357627869,-0.9700000286102295,0.25999999046325684,-0.08999999985098839,-0.04749998450279236,0.3200000114738941,0.267500014975667,-0.23000000417232513,-0.0700000524520874,0.14999999105930328,2.72524751026513e-16,-0.9887283444404602,-0.3754069209098816,-0.5150629281997681,-1.2938213348388672,-4.879094123840332,-0.9008039236068726,0.0,0.0,0.0,0.0,0.0,0.0,0.0
5.2403,2,0,-0.14000000059604645,-0.5074999928474426,0.27000001072883606,-0.029999999329447746,-0.09000000357627869,-0.9700000286102295,0.25999999046325684,-0.08999999985098839,-0.04749998450279236,0.3200000114738941,0.267500014975667,-0.23000000417232513,-0.0700000524520874,0.14999999105930328,2.72524751026513e-16,-0.9887283444404602,-0.3754069209098816,-0.5150629281997681,-1.2938213348388672,-4.879094123840332,-0.9008039236068726,0.0,0.0,0.0,0.0,0.0,0.0,0.0
5.2605,2,0,-0.14000000059604645,-0.5074999928474426,0.27000001072883606,-0.029999999329447746,-0.09000000357627869,-0.9700000286102295,0.25999999046325684,-0.08999999985098839,-0.04749998450279236,0.3200000114738941,0.267500014975667,-0.23000000417232513,-0.0700000524520874,0.14999999105930328,2.72524751026513e-16,-0.9887283444404602,-0.3754069209098816,-0.5150629281997681,-1.2938213348388672,-4.879094123840332,-0.9008039236068726,0.0,0.0,0.0,0.0,0.0,0.0,0.0
5.2806,2,0,-0.14000000059604645,-0.5074999928474426,0.27000001072883606,-0.029999999329447746,-0.09000000357627869,-0.9700000286102295,0.25999999046325684,-0.08999999985098839,-0.04749998450279236,0.3200000114738941,0.267500014975667,-0.23000000417232513,-0.0700000524520874,0.14999999105930328,2.72524751026513e-16,-0.9887283444404602,-0.3754069209098816,-0.5150629281997681,-1.2938213348388672,-4.879094123840332,-0.9008039236068726,0.0,0.0,0.0,0.0,0.0,0.0,0.0
5.3007,2,0,-0.14000000059604645,-0.5074999928474426,0.27000001072883606,-0.029999999329447746,-0.09000000357627869,-0.9700000286102295,0.25999999046325684,-0.08999999985098839,-0.04749998450279236,0.3200000114738941,0.267500014975667,-0.23000000417232513,-0.0700000524520874,0.14999999105930328,2.72524751026513e-16,-0.9887283444404602,-0.3754069209098816,-0.5150629281997681,-1.2938213348388672,-4.879094123840332,-0.9008039236068726,0.0,0.0,0.0,0.0,0.0,0.0,0.0
5.3209,2,0,-0.14000000059604645,-0.5074999928474426,0.27000001072883606,-0.029999999329447746,-0.09000000357627869,-0.9700000286102295,0.25999999046325684,-0.08999999985098839,-0.04749998450279236,0.3200000114738941,0.267500014975667,-0.23000000417232513,-0.0700000524520874,0.14999999105930328,2.72524751026513e-16,-0.9887283444404602,-0.3754069209098816,-0.5150629281997681,-1.2938213348388672,-4.879094123840332,-0.9008039236068726,0.0,0.0,0.0,0.0,0.0,0.0,0.0
5.3410,2,0,-0.14000000059604645,-0.5074999928474426,0.27000001072883606,-0.029999999329447746,-0.09000000357627869,-0.9700000286102295,0.25999999046325684,-0.08999999985098839,-0.04749998450279236,0.3200000114738941,0.267500014975667,-0.23000000417232513,-0.0700000524520874,0.14999999105930328,2.72524751026513e-16,-0.9887283444404602,-0.3754069209098816,-0.5150629281997681,-1.2938213348388672,-4.879094123840332,-0.9008039236068726,0.0,0.0,0.0,0.0,0.0,0.0,0.0
5.3611,2,0,-0.14000000059604645,-0.5074999928474426,0.27000001072883606,-0.029999999329447746,-0.09000000357627869,-0.9700000286102295,0.25999999046325684,-0.08999999985098839,-0.04749998450279236,0.3200000114738941,0.267500014975667,-0.23000000417232513,-0.0700000524520874,0.14999999105930328,2.72524751026513e-16,-0.9887283444404602,-0.3754069209098816,-0.5150629281997681,-1.2938213348388672,-4.879094123840332,-0.9008039236068726,0.0,0.0,0.0,0.0,0.0,0.0,0.0
5.3813,2,0,-0.14249999821186066,-0.4975000023841858,0.2800000011920929,-0.012500000186264515,-0.10000000149011612,-0.9725000262260437,0.25999999046325684,-0.0924999974668026,-0.03749999403953552,0.33000000193715096,0.28500001411885023,-0.24000000208616257,-0.07250005006790161,0.14999999105930328,2.72524751026513e-16,-0.9887283444404602,-0.3754069209098816,-0.5150629281997681,-1.2938213348388672,-4.879094123840332,-0.9008039236068726,0.0,0.0,0.0,0.0,0.0,0.0,0.0
5.4014,2,0,-0.14249999821186066,-0.4975000023841858,0.2800000011920929,-0.012500000186264515,-0.10000000149011612,-0.9725000262260437,0.25999999046325684,-0.0924999974668026,-0.03749999403953552,0.33000000193715096,0.28500001411885023,-0.24000000208616257,-0.07250005006790161,0.14999999105930328,2.72524751026513e-16,-0.9887283444404602,-0.3754069209098816,-0.5150629281997681,-1.2938213348388672,-4.879094123840332,-0.9008039236068726,0.0,0.0,0.0,0.0,0.0,0.0,0.0
5.4215,2,0,-0.14249999821186066,-0.4975000023841858,0.2800000011920929,-0.012500000186264515,-0.10000000149011612,-0.9725000262260437,0.25999999046325684,-0.0924999974668026,-0.03749999403953552,0.33000000193715096,0.28500001411885023,-0.24000000208616257,-0.07250005006790161,0.14999999105930328,2.72524751026513e-16,-0.9887283444404602,-0.3754069209098816,-0.5150629281997681,-1.2938213348388672,-4.879094123840332,-0.9008039236068726,0.0,0.0,0.0,0.0,0.0,0.0,0.0
5.4416,2,0,-0.14249999821186066,-0.4975000023841858,0.2800000011920929,-0.012500000186264515,-0.10000000149011612,-0.9725000262260437,0.25999999046325684,-0.0924999974668026,-0.03749999403953552,0.33000000193715096,0.28500001411885023,-0.24000000208616257,-0.07250005006790161,0.14999999105930328,2.72524751026513e-16,-0.9887283444404602,-0.3754069209098816,-0.5150629281997681,-1.2938213348388672,-4.879094123840332,-0.9008039236068726,0.0,0.0,0.0,0.0,0.0,0.0,0.0
5.4618,2,0,-0.14249999821186066,-0.4975000023841858,0.2800000011920929,-0.012500000186264515,-0.10000000149011612,-0.9725000262260437,0.25999999046325684,-0.0924999974668026,-0.03749999403953552,0.33000000193715096,0.28500001411885023,-0.24000000208616257,-0.07250005006790161,0.14999999105930328,2.72524751026513e-16,-0.9887283444404602,-0.3754069209098816,-0.5150629281997681,-1.2938213348388672,-4.879094123840332,-0.9008039236068726,0.0,0.0,0.0,0.0,0.0,0.0,0.0
5.4820,2,0,-0.14249999821186066,-0.4975000023841858,0.2800000011920929,-0.012500000186264515,-0.10000000149011612,-0.9725000262260437,0.25999999046325684,-0.0924999974668026,-0.03749999403953552,0.33000000193715096,0.28500001411885023,-0.24000000208616257,-0.07250005006790161,0.14999999105930328,2.72524751026513e-16,-0.9887283444404602,-0.3754069209098816,-0.5150629281997681,-1.2938213348388672,-4.879094123840332,-0.9008039236068726,0.0,0.0,0.0,0.0,0.0,0.0,0.0
5.5021,2,0,-0.14249999821186066,-0.4975000023841858,0.2800000011920929,-0.012500000186264515,-0.10000000149011612,-0.9725000262260437,0.25999999046325684,-0.0924999974668026,-0.03749999403953552,0.33000000193715096,0.28500001411885023,-0.24000000208616257,-0.07250005006790161,0.14999999105930328,2.72524751026513e-16,-0.9887283444404602,-0.3754069209098816,-0.5150629281997681,-1.2938213348388672,-4.879094123840332,-0.9008039236068726,0.0,0.0,0.0,0.0,0.0,0.0,0.0
5.5222,2,0,-0.14249999821186066,-0.4975000023841858,0.2800000011920929,-0.012500000186264515,-0.10000000149011612,-0.9725000262260437,0.25999999046325684,-0.0924999974668026,-0.03749999403953552,0.33000000193715096,0.28500001411885023,-0.24000000208616257,-0.07250005006790161,0.14999999105930328,2.72524751026513e-16,-0.9887283444404602,-0.3754069209098816,-0.5150629281997681,-1.2938213348388672,-4.879094123840332,-0.9008039236068726,0.0,0.0,0.0,0.0,0.0,0.0,0.0
5.5423,2,0,-0.14249999821186066,-0.4975000023841858,0.2800000011920929,-0.012500000186264515,-0.10000000149011612,-0.9725000262260437,0.25999999046325684,-0.0924999974668026,-0.03749999403953552,0.33000000193715096,0.28500001411885023,-0.24000000208616257,-0.07250005006790161,0.14999999105930328,2.72524751026513e-16,-0.9887283444404602,-0.3754069209098816,-0.5150629281997681,-1.2938213348388672,-4.879094123840332,-0.9008039236068726,0.0,0.0,0.0,0.0,0.0,0.0,0.0
5.5625,2,0,-0.14249999821186066,-0.4975000023841858,0.2800000011920929,-0.012500000186264515,-0.10000000149011612,-0.9725000262260437,0.25999999046325684,-0.0924999974668026,-0.03749999403953552,0.33000000193715096,0.28500001411885023,-0.24000000208616257,-0.07250005006790161,0.14999999105930328,2.72524751026513e-16,-0.9887283444404602,-0.3754069209098816,-0.5150629281997681,-1.2938213348388672,-4.879094123840332,-0.9008039236068726,0.0,0.0,0.0,0.0,0.0,0.0,0.0
5.5826,2,0,-0.14000000059604645,-0.49000000953674316,0.2800000011920929,-0.0024999999441206455,-0.10750000178813934,-0.9800000190734863,0.25999999046325684,-0.08999999985098839,-0.030000001192092896,0.33000000193715096,0.2950000143609941,-0.2475000023841858,-0.08000004291534424,0.14999999105930328,2.72524751026513e-16,-0.9887283444404602,-0.3754069209098816,-0.5150629281997681,-1.2938213348388672,-4.879094123840332,-0.9008039236068726,0.0,0.0,0.0,0.0,0.0,0.0,0.0
5.6027,2,0,-0.14000000059604645,-0.49000000953674316,0.2800000011920929,-0.0024999999441206455,-0.10750000178813934,-0.9800000190734863,0.25999999046325684,-0.08999999985098839,-0.030000001192092896,0.33000000193715096,0.2950000143609941,-0.2475000023841858,-0.08000004291534424,0.14999999105930328,2.72524751026513e-16,-0.9887283444404602,-0.3754069209098816,-0.5150629281997681,-1.2938213348388672,-4.879094123840332,-0.9008039236068726,0.0,0.0,0.0,0.0,0.0,0.0,0.0
5.6228,2,0,-0.14000000059604645,-0.49000000953674316,0.2800000011920929,-0.0024999999441206455,-0.10750000178813934,-0.9800000190734863,0.25999999046325684,-0.08999999985098839,-0.030000001192092896,0.33000000193715096,0.2950000143609941,-0.2475000023841858,-0.08000004291534424,0.14999999105930328,2.72524751026513e-16,-0.9887283444404602,-0.3754069209098816,-0.5150629281997681,-1.2938213348388672,-4.879094123840332,-0.9008039236068726,0.0,0.0,0.0,0.0,0.0,0.0,0.0
5.6429,2,0,-0.14000000059604645,-0.49000000953674316,0.2800000011920929,-0.0024999999441206455,-0.10750000178813934,-0.9800000190734863,0.25999999046325684,-0.08999999985098839,-0.030000001192092896,0.33000000193715096,0.2950000143609941,-0.2475000023841858,-0.08000004291534424,0.14999999105930328,2.72524751026513e-16,-0.9887283444404602,-0.3754069209098816,-0.5150629281997681,-1.2938213348388672,-4.879094123840332,-0.9008039236068726,0.0,0.0,0.0,0.0,0.0,0.0,0.0
5.6631,2,0,-0.14000000059604645,-0.49000000953674316,0.2800000011920929,-0.0024999999441206455,-0.10750000178813934,-0.9800000190734863,0.25999999046325684,-0.08999999985098839,-0.030000001192092896,0.33000000193715096,0.2950000143609941,-0.2475000023841858,-0.08000004291534424,0.14999999105930328,2.72524751026513e-16,-0.9887283444404602,-0.3754069209098816,-0.5150629281997681,-1.2938213348388672,-4.879094123840332,-0.9008039236068726,0.0,0.0,0.0,0.0,0.0,0.0,0.0
5.6832,2,0,-0.14000000059604645,-0.49000000953674316,0.2800000011920929,-0.0024999999441206455,-0.10750000178813934,-0.9800000190734863,0.25999999046325684,-0.08999999985098839,-0.030000001192092896,0.33000000193715096,0.2950000143609941,-0.2475000023841858,-0.08000004291534424,0.14999999105930328,2.72524751026513e-16,-0.9887283444404602,-0.3754069209098816,-0.5150629281997681,-1.2938213348388672,-4.879094123840332,-0.9008039236068726,0.0,0.0,0.0,0.0,0.0,0.0,0.0
5.7033,2,0,-0.14000000059604645,-0.49000000953674316,0.2800000011920929,-0.0024999999441206455,-0.10750000178813934,-0.9800000190734863,0.25999999046325684,-0.08999999985098839,-0.030000001192092896,0.33000000193715096,0.2950000143609941,-0.2475000023841858,-0.08000004291534424,0.14999999105930328,2.72524751026513e-16,-0.9887283444404602,-0.3754069209098816,-0.5150629281997681,-1.2938213348388672,-4.879094123840332,-0.9008039236068726,0.0,0.0,0.0,0.0,0.0,0.0,0.0
5.7235,2,0,-0.14000000059604645,-0.49000000953674316,0.2800000011920929,-0.0024999999441206455,-0.10750000178813934,-0.9800000190734863,0.25999999046325684,-0.08999999985098839,-0.030000001192092896,0.33000000193715096,0.2950000143609941,-0.2475000023841858,-0.08000004291534424,0.14999999105930328,2.72524751026513e-16,-0.9887283444404602,-0.3754069209098816,-0.5150629281997681,-1.2938213348388672,-4.879094123840332,-0.9008039236068726,0.0,0.0,0.0,0.0,0.0,0.0,0.0
5.7436,2,0,-0.14000000059604645,-0.49000000953674316,0.2800000011920929,-0.0024999999441206455,-0.10750000178813934,-0.9800000190734863,0.25999999046325684,-0.08999999985098839,-0.030000001192092896,0.33000000193715096,0.2950000143609941,-0.2475000023841858,-0.08000004291534424,0.14999999105930328,2.72524751026513e-16,-0.9887283444404602,-0.3754069209098816,-0.5150629281997681,-1.2938213348388672,-4.879094123840332,-0.9008039236068726,0.0,0.0,0.0,0.0,0.0,0.0,0.0
5.7637,2,0,-0.14000000059604645,-0.49000000953674316,0.2800000011920929,-0.0024999999441206455,-0.10750000178813934,-0.9800000190734863,0.25999999046325684,-0.08999999985098839,-0.030000001192092896,0.33000000193715096,0.2950000143609941,-0.2475000023841858,-0.08000004291534424,0.14999999105930328,2.72524751026513e-16,-0.9887283444404602,-0.3754069209098816,-0.5150629281997681,-1.2938213348388672,-4.879094123840332,-0.9008039236068726,0.0,0.0,0.0,0.0,0.0,0.0,0.0
5.7838,2,0,-0.15000000596046448,-0.47999998927116394,0.2800000011920929,-1.2019977027599715e-12,-0.12250000238418579,-0.9800000190734863,0.25999999046325684,-0.10000000521540642,-0.019999980926513672,0.33000000193715096,0.29750001430391276,-0.26250000298023224,-0.08000004291534424,0.14999999105930328,2.72524751026513e-16,-0.9887283444404602,-0.3754069209098816,-0.5150629281997681,-1.2938213348388672,-4.879094123840332,-0.9008039236068726,0.0,0.0,0.0,0.0,0.0,0.0,0.0
5.8039,2,0,-0.15000000596046448,-0.47999998927116394,0.2800000011920929,-1.2019977027599715e-12,-0.12250000238418579,-0.9800000190734863,0.25999999046325684,-0.10000000521540642,-0.019999980926513672,0.33000000193715096,0.29750001430391276,-0.26250000298023224,-0.08000004291534424,0.14999999105930328,2.72524751026513e-16,-0.9887283444404602,-0.3754069209098816,-0.5150629281997681,-1.2938213348388672,-4.879094123840332,-0.9008039236068726,0.0,0.0,0.0,0.0,0.0,0.0,0.0
5.8241,2,0,-0.15000000596046448,-0.47999998927116394,0.2800000011920929,-1.2019977027599715e-12,-0.12250000238418579,-0.9800000190734863,0.25999999046325684,-0.10000000521540642,-0.019999980926513672,0.33000000193715096,0.29750001430391276,-0.26250000298023224,-0.08000004291534424,0.14999999105930328,2.72524751026513e-16,-0.9887283444404602,-0.3754069209098816,-0.5150629281997681,-1.2938213348388672,-4.879094123840332,-0.9008039236068726,0.0,0.0,0.0,0.0,0.0,0.0,0.0
5.8442,2,0,-0.15000000596046448,-0.47999998927116394,0.2800000011920929,-1.2019977027599715e-12,-0.12250000238418579,-0.9800000190734863,0.25999999046325684,-0.10000000521540642,-0.019999980926513672,0.33000000193715096,0.29750001430391276,-0.26250000298023224,-0.08000004291534424,0.14999999105930328,2.72524751026513e-16,-0.9887283444404602,-0.3754069209098816,-0.5150629281997681,-1.2938213348388672,-4.879094123840332,-0.9008039236068726,0.0,0.0,0.0,0.0,0.0,0.0,0.0
5.8643,2,0,-0.15000000596046448,-0.47999998927116394,0.2800000011920929,-1.2019977027599715e-12,-0.12250000238418579,-0.9800000190734863,0.25999999046325684,-0.10000000521540642,-0.019999980926513672,0.33000000193715096,0.29750001430391276,-0.26250000298023224,-0.08000004291534424,0.14999999105930328,2.72524751026513e-16,-0.9887283444404602,-0.3754069209098816,-0.5150629281997681,-1.2938213348388672,-4.879094123840332,-0.9008039236068726,0.0,0.0,0.0,0.0,0.0,0.0,0.0
5.8845,2,0,-0.15000000596046448,-0.47999998927116394,0.2800000011920929,-1.2019977027599715e-12,-0.12250000238418579,-0.9800000190734863,0.25999999046325684,-0.10000000521540642,-0.019999980926513672,0.33000000193715096,0.29750001430391276,-0.26250000298023224,-0.08000004291534424,0.14999999105930328,2.72524751026513e-16,-0.9887283444404602,-0.3754069209098816,-0.5150629281997681,-1.2938213348388672,-4.879094123840332,-0.9008039236068726,0.0,0.0,0.0,0.0,0.0,0.0,0.0
5.9046,2,0,-0.15000000596046448,-0.47999998927116394,0.2800000011920929,-1.2019977027599715e-12,-0.12250000238418579,-0.9800000190734863,0.25999999046325684,-0.10000000521540642,-0.019999980926513672,0.33000000193715096,0.29750001430391276,-0.26250000298023224,-0.08000004291534424,0.14999999105930328,2.72524751026513e-16,-0.9887283444404602,-0.3754069209098816,-0.5150629281997681,-1.2938213348388672,-4.879094123840332,-0.9008039236068726,0.0,0.0,0.0,0.0,0.0,0.0,0.0
5.9247,2,0,-0.15000000596046448,-0.47999998927116394,0.2800000011920929,-1.2019977027599715e-12,-0.12250000238418579,-0.9800000190734863,0.25999999046325684,-0.10000000521540642,-0.019999980926513672,0.33000000193715096,0.29750001430391276,-0.26250000298023224,-0.08000004291534424,0.14999999105930328,2.72524751026513e-16,-0.9887283444404602,-0.3754069209098816,-0.5150629281997681,-1.2938213348388672,-4.879094123840332,-0.9008039236068726,0.0,0.0,0.0,0.0,0.0,0.0,0.0
5.9448,2,0,-0.15000000596046448,-0.47999998927116394,0.2800000011920929,-1.2019977027599715e-12,-0.12250000238418579,-0.9800000190734863,0.25999999046325684,-0.10000000521540642,-0.019999980926513672,0.33000000193715096,0.29750001430391276,-0.26250000298023224,-0.08000004291534424,0.14999999105930328,2.72524751026513e-16,-0.9887283444404602,-0.3754069209098816,-0.5150629281997681,-1.2938213348388672,-4.879094123840332,-0.9008039236068726,0.0,0.0,0.0,0.0,0.0,0.0,0.0
5.9649,2,0,-0.15000000596046448,-0.47999998927116394,0.2800000011920929,-1.2019977027599715e-12,-0.12250000238418579,-0.9800000190734863,0.25999999046325684,-0.10000000521540642,-0.019999980926513672,0.33000000193715096,0.29750001430391276,-0.26250000298023224,-0.08000004291534424,0.14999999105930328,2.72524751026513e-16,-0.9887283444404602,-0.3754069209098816,-0.5150629281997681,-1.2938213348388672,-4.879094123840332,-0.9008039236068726,0.0,0.0,0.0,0.0,0.0,0.0,0.0
5.9850,2,0,-0.15000000596046448,-0.4724999964237213,0.2800000011920929,0.007499999832361937,-0.12999999523162842,-0.9800000190734863,0.25999999046325684,-0.10000000521540642,-0.012499988079071045,0.33000000193715096,0.3050000141374767,-0.26999999582767487,-0.08000004291534424,0.14999999105930328,2.72524751026513e-16,-0.9887283444404602,-0.3754069209098816,-0.5150629281997681,-1.2938213348388672,-4.879094123840332,-0.9008039236068726,0.0,0.0,0.0,0.0,0.0,0.0,0.0
6.0051,2,0,-0.15000000596046448,-0.4724999964237213,0.2800000011920929,0.007499999832361937,-0.12999999523162842,-0.9800000190734863,0.25999999046325684,-0.10000000521540642,-0.012499988079071045,0.33000000193715096,0.3050000141374767,-0.26999999582767487,-0.08000004291534424,0.14999999105930328,2.72524751026513e-16,-0.9887283444404602,-0.3754069209098816,-0.5150629281997681,-1.2938213348388672,-4.879094123840332,-0.9008039236068726,0.0,0.0,0.0,0.0,0.0,0.0,0.0
6.0252,2,0,-0.15000000596046448,-0.4724999964237213,0.2800000011920929,0.007499999832361937,-0.12999999523162842,-0.9800000190734863,0.25999999046325684,-0.10000000521540642,-0.012499988079071045,0.33000000193715096,0.3050000141374767,-0.26999999582767487,-0.08000004291534424,0.14999999105930328,2.72524751026513e-16,-0.9887283444404602,-0.3754069209098816,-0.5150629281997681,-1.2938213348388672,-4.879094123840332,-0.9008039236068726,0.0,0.0,0.0,0.0,0.0,0.0,0.0
6.0453,2,0,-0.15000000596046448,-0.4724999964237213,0.2800000011920929,0.007499999832361937,-0.12999999523162842,-0.9800000190734863,0.25999999046325684,-0.10000000521540642,-0.012499988079071045,0.33000000193715096,0.3050000141374767,-0.26999999582767487,-0.08000004291534424,0.14999999105930328,2.72524751026513e-16,-0.9887283444404602,-0.3754069209098816,-0.5150629281997681,-1.2938213348388672,-4.879094123840332,-0.9008039236068726,0.0,0.0,0.0,0.0,0.0,0.0,0.0
6.0656,2,0,-0.15000000596046448,-0.4724999964237213,0.2800000011920929,0.007499999832361937,-0.12999999523162842,-0.9800000190734863,0.25999999046325684,-0.10000000521540642,-0.012499988079071045,0.33000000193715096,0.3050000141374767,-0.26999999582767487,-0.08000004291534424,0.14999999105930328,2.72524751026513e-16,-0.9887283444404602,-0.3754069209098816,-0.5150629281997681,-1.2938213348388672,-4.879094123840332,-0.9008039236068726,0.0,0.0,0.0,0.0,0.0,0.0,0.0
6.0857,2,0,-0.15000000596046448,-0.4724999964237213,0.2800000011920929,0.007499999832361937,-0.12999999523162842,-0.9800000190734863,0.25999999046325684,-0.10000000521540642,-0.012499988079071045,0.33000000193715096,0.3050000141374767,-0.26999999582767487,-0.08000004291534424,0.14999999105930328,2.72524751026513e-16,-0.9887283444404602,-0.3754069209098816,-0.5150629281997681,-1.2938213348388672,-4.879094123840332,-0.9008039236068726,0.0,0.0,0.0,0.0,0.0,0.0,0.0
6.1059,2,0,-0.15000000596046448,-0.4724999964237213,0.2800000011920929,0.007499999832361937,-0.12999999523162842,-0.9800000190734863,0.25999999046325684,-0.10000000521540642,-0.012499988079071045,0.33000000193715096,0.3050000141374767,-0.26999999582767487,-0.08000004291534424,0.14999999105930328,2.72524751026513e-16,-0.9887283444404602,-0.3754069209098816,-0.5150629281997681,-1.2938213348388672,-4.879094123840332,-0.9008039236068726,0.0,0.0,0.0,0.0,0.0,0.0,0.0
6.1260,2,0,-0.15000000596046448,-0.4724999964237213,0.2800000011920929,0.007499999832361937,-0.12999999523162842,-0.9800000190734863,0.25999999046325684,-0.10000000521540642,-0.012499988079071045,0.33000000193715096,0.3050000141374767,-0.26999999582767487,-0.08000004291534424,0.14999999105930328,2.72524751026513e-16,-0.9887283444404602,-0.3754069209098816,-0.5150629281997681,-1.2938213348388672,-4.879094123840332,-0.9008039236068726,0.0,0.0,0.0,0.0,0.0,0.0,0.0
6.1461,2,0,-0.15000000596046448,-0.4724999964237213,0.2800000011920929,0.007499999832361937,-0.12999999523162842,-0.9800000190734863,0.25999999046325684,-0.10000000521540642,-0.012499988079071045,0.33000000193715096,0.3050000141374767,-0.26999999582767487,-0.08000004291534424,0.14999999105930328,2.72524751026513e-16,-0.9887283444404602,-0.3754069209098816,-0.5150629281997681,-1.2938213348388672,-4.879094123840332,-0.9008039236068726,0.0,0.0,0.0,0.0,0.0,0.0,0.0
6.1663,2,0,-0.15000000596046448,-0.4724999964237213,0.2800000011920929,0.007499999832361937,-0.12999999523162842,-0.9800000190734863,0.25999999046325684,-0.10000000521540642,-0.012499988079071045,0.33000000193715096,0.3050000141374767,-0.26999999582767487,-0.08000004291534424,0.14999999105930328,2.72524751026513e-16,-0.9887283444404602,-0.3754069209098816,-0.5150629281997681,-1.2938213348388672,-4.879094123840332,-0.9008039236068726,0.0,0.0,0.0,0.0,0.0,0.0,0.0
6.1864,2,0,-0.15000000596046448,-0.4625000059604645,0.25999999046325684,0.019999999552965164,-0.13750000298023224,-0.987500011920929,0.25999999046325684,-0.10000000521540642,-0.002499997615814209,0.3099999912083149,0.3175000138580799,-0.2775000035762787,-0.08750003576278687,0.14999999105930328,2.72524751026513e-16,-0.9887283444404602,-0.3754069209098816,-0.5150629281997681,-1.2938213348388672,-4.879094123840332,-0.9008039236068726,0.0,0.0,0.0,0.0,0.0,0.0,0.0
6.2065,2,0,-0.15000000596046448,-0.4625000059604645,0.25999999046325684,0.019999999552965164,-0.13750000298023224,-0.987500011920929,0.25999999046325684,-0.10000000521540642,-0.002499997615814209,0.3099999912083149,0.3175000138580799,-0.2775000035762787,-0.08750003576278687,0.14999999105930328,2.72524751026513e-16,-0.9887283444404602,-0.3754069209098816,-0.5150629281997681,-1.2938213348388672,-4.879094123840332,-0.9008039236068726,0.0,0.0,0.0,0.0,0.0,0.0,0.0
6.2267,2,0,-0.15000000596046448,-0.4625000059604645,0.25999999046325684,0.019999999552965164,-0.13750000298023224,-0.987500011920929,0.25999999046325684,-0.10000000521540642,-0.002499997615814209,0.3099999912083149,0.3175000138580799,-0.2775000035762787,-0.08750003576278687,0.14999999105930328,2.72524751026513e-16,-0.9887283444404602,-0.3754069209098816,-0.5150629281997681,-1.2938213348388672,-4.879094123840332,-0.9008039236068726,0.0,0.0,0.0,0.0,0.0,0.0,0.0
6.2469,2,0,-0.15000000596046448,-0.4625000059604645,0.25999999046325684,0.019999999552965164,-0.13750000298023224,-0.987500011920929,0.25999999046325684,-0.10000000521540642,-0.002499997615814209,0.3099999912083149,0.3175000138580799,-0.2775000035762787,-0.08750003576278687,0.14999999105930328,2.72524751026513e-16,-0.9887283444404602,-0.3754069209098816,-0.5150629281997681,-1.2938213348388672,-4.879094123840332,-0.9008039236068726,0.0,0.0,0.0,0.0,0.0,0.0,0.0
6.2670,2,0,-0.15000000596046448,-0.4625000059604645,0.25999999046325684,0.019999999552965164,-0.13750000298023224,-0.987500011920929,0.25999999046325684,-0.10000000521540642,-0.002499997615814209,0.3099999912083149,0.3175000138580799,-0.2775000035762787,-0.08750003576278687,0.14999999105930328,2.72524751026513e-16,-0.9887283444404602,-0.3754069209098816,-0.5150629281997681,-1.2938213348388672,-4.879094123840332,-0.9008039236068726,0.0,0.0,0.0,0.0,0.0,0.0,0.0
6.2871,2,0,-0.15000000596046448,-0.4625000059604645,0.25999999046325684,0.019999999552965164,-0.13750000298023224,-0.987500011920929,0.25999999046325684,-0.10000000521540642,-0.002499997615814209,0.3099999912083149,0.3175000138580799,-0.2775000035762787,-0.08750003576278687,0.14999999105930328,2.72524751026513e-16,-0.9887283444404602,-0.3754069209098816,-0.5150629281997681,-1.2938213348388672,-4.879094123840332,-0.9008039236068726,0.0,0.0,0.0,0.0,0.0,0.0,0.0
6.3072,2,0,-0.15000000596046448,-0.4625000059604645,0.25999999046325684,0.019999999552965164,-0.13750000298023224,-0.987500011920929,0.25999999046325684,-0.10000000521540642,-0.002499997615814209,0.3099999912083149,0.3175000138580799,-0.2775000035762787,-0.08750003576278687,0.14999999105930328,2.72524751026513e-16,-0.9887283444404602,-0.3754069209098816,-0.5150629281997681,-1.2938213348388672,-4.879094123840332,-0.9008039236068726,0.0,0.0,0.0,0.0,0.0,0.0,0.0
6.3273,2,0,-0.15000000596046448,-0.4625000059604645,0.25999999046325684,0.019999999552965164,-0.13750000298023224,-0.987500011920929,0.25999999046325684,-0.10000000521540642,-0.002499997615814209,0.3099999912083149,0.3175000138580799,-0.2775000035762787,-0.08750003576278687,0.14999999105930328,2.72524751026513e-16,-0.9887283444404602,-0.3754069209098816,-0.5150629281997681,-1.2938213348388672,-4.879094123840332,-0.9008039236068726,0.0,0.0,0.0,0.0,0.0,0.0,0.0
6.3474,2,0,-0.15000000596046448,-0.4625000059604645,0.25999999046325684,0.019999999552965164,-0.13750000298023224,-0.987500011920929,0.25999999046325684,-0.10000000521540642,-0.002499997615814209,0.3099999912083149,0.3175000138580799,-0.2775000035762787,-0.08750003576278687,0.14999999105930328,2.72524751026513e-16,-0.9887283444404602,-0.3754069209098816,-0.5150629281997681,-1.2938213348388672,-4.879094123840332,-0.9008039236068726,0.0,0.0,0.0,0.0,0.0,0.0,0.0
6.3675,2,0,-0.15000000596046448,-0.4625000059604645,0.25999999046325684,0.019999999552965164,-0.13750000298023224,-0.987500011920929,0.25999999046325684,-0.10000000521540642,-0.002499997615814209,0.3099999912083149,0.3175000138580799,-0.2775000035762787,-0.08750003576278687,0.14999999105930328,2.72524751026513e-16,-0.9887283444404602,-0.3754069209098816,-0.5150629281997681,-1.2938213348388672,-4.879094123840332,-0.9008039236068726,0.0,0.0,0.0,0.0,0.0,0.0,0.0
6.3876,2,0,-0.15000000596046448,-0.46000000834465027,0.2549999952316284,0.02250000089406967,-0.15000000596046448,-0.9900000095367432,0.25999999046325684,-0.10000000521540642,0.0,0.3049999959766865,0.3200000151991844,-0.2900000065565109,-0.09000003337860107,0.14999999105930328,2.72524751026513e-16,-0.9887283444404602,-0.3754069209098816,-0.5150629281997681,-1.2938213348388672,-4.879094123840332,-0.9008039236068726,0.0,0.0,0.0,0.0,0.0,0.0,0.0
6.4078,2,0,-0.15000000596046448,-0.46000000834465027,0.2549999952316284,0.02250000089406967,-0.15000000596046448,-0.9900000095367432,0.25999999046325684,-0.10000000521540642,0.0,0.3049999959766865,0.3200000151991844,-0.2900000065565109,-0.09000003337860107,0.14999999105930328,2.72524751026513e-16,-0.9887283444404602,-0.3754069209098816,-0.5150629281997681,-1.2938213348388672,-4.879094123840332,-0.9008039236068726,0.0,0.0,0.0,0.0,0.0,0.0,0.0
6.4279,2,0,-0.15000000596046448,-0.46000000834465027,0.2549999952316284,0.02250000089406967,-0.15000000596046448,-0.9900000095367432,0.25999999046325684,-0.10000000521540642,0.0,0.3049999959766865,0.3200000151991844,-0.2900000065565109,-0.09000003337860107,0.14999999105930328,2.72524751026513e-16,-0.9887283444404602,-0.3754069209098816,-0.5150629281997681,-1.2938213348388672,-4.879094123840332,-0.9008039236068726,0.0,0.0,0.0,0.0,0.0,0.0,0.0
6.4481,2,0,-0.15000000596046448,-0.46000000834465027,0.2549999952316284,0.02250000089406967,-0.15000000596046448,-0.9900000095367432,0.25999999046325684,-0.10000000521540642,0.0,0.3049999959766865,0.3200000151991844,-0.2900000065565109,-0.09000003337860107,0.14999999105930328,2.72524751026513e-16,-0.9887283444404602,-0.3754069209098816,-0.5150629281997681,-1.2938213348388672,-4.879094123840332,-0.9008039236068726,0.0,0.0,0.0,0.0,0.0,0.0,0.0
6.4683,2,0,-0.15000000596046448,-0.46000000834465027,0.2549999952316284,0.02250000089406967,-0.15000000596046448,-0.9900000095367432,0.25999999046325684,-0.10000000521540642,0.0,0.3049999959766865,0.3200000151991844,-0.2900000065565109,-0.09000003337860107,0.14999999105930328,2.72524751026513e-16,-0.9887283444404602,-0.3754069209098816,-0.5150629281997681,-1.2938213348388672,-4.879094123840332,-0.9008039236068726,0.0,0.0,0.0,0.0,0.0,0.0,0.0
6.4885,2,0,-0.15000000596046448,-0.46000000834465027,0.2549999952316284,0.02250000089406967,-0.15000000596046448,-0.9900000095367432,0.25999999046325684,-0.10000000521540642,0.0,0.3049999959766865,0.3200000151991844,-0.2900000065565109,-0.09000003337860107,0.14999999105930328,2.72524751026513e-16,-0.9887283444404602,-0.3754069209098816,-0.5150629281997681,-1.2938213348388672,-4.879094123840332,-0.9008039236068726,0.0,0.0,0.0,0.0,0.0,0.0,0.0
6.5087,2,0,-0.15000000596046448,-0.46000000834465027,0.2549999952316284,0.02250000089406967,-0.15000000596046448,-0.9900000095367432,0.25999999046325684,-0.10000000521540642,0.0,0.3049999959766865,0.3200000151991844,-0.2900000065565109,-0.09000003337860107,0.14999999105930328,2.72524751026513e-16,-0.9887283444404602,-0.3754069209098816,-0.5150629281997681,-1.2938213348388672,-4.879094123840332,-0.9008039236068726,0.0,0.0,0.0,0.0,0.0,0.0,0.0
6.5289,2,0,-0.15000000596046448,-0.46000000834465027,0.2549999952316284,0.02250000089406967,-0.15000000596046448,-0.9900000095367432,0.25999999046325684,-0.10000000521540642,0.0,0.3049999959766865,0.3200000151991844,-0.2900000065565109,-0.09000003337860107,0.14999999105930328,2.72524751026513e-16,-0.9887283444404602,-0.3754069209098816,-0.5150629281997681,-1.2938213348388672,-4.879094123840332,-0.9008039236068726,0.0,0.0,0.0,0.0,0.0,0.0,0.0
6.5491,2,0,-0.15000000596046448,-0.46000000834465027,0.2549999952316284,0.02250000089406967,-0.15000000596046448,-0.9900000095367432,0.25999999046325684,-0.10000000521540642,0.0,0.3049999959766865,0.3200000151991844,-0.2900000065565109,-0.09000003337860107,0.14999999105930328,2.72524751026513e-16,-0.9887283444404602,-0.3754069209098816,-0.5150629281997681,-1.2938213348388672,-4.879094123840332,-0.9008039236068726,0.0,0.0,0.0,0.0,0.0,0.0,0.0
6.5692,2,0,-0.15000000596046448,-0.46000000834465027,0.2549999952316284,0.02250000089406967,-0.15000000596046448,-0.9900000095367432,0.25999999046325684,-0.10000000521540642,0.0,0.3049999959766865,0.3200000151991844,-0.2900000065565109,-0.09000003337860107,0.14999999105930328,2.72524751026513e-16,-0.9887283444404602,-0.3754069209098816,-0.5150629281997681,-1.2938213348388672,-4.879094123840332,-0.9008039236068726,0.0,0.0,0.0,0.0,0.0,0.0,0.0
6.5893,2,0,-0.15000000596046448,-0.44999998807907104,0.23999999463558197,0.03500000014901161,-0.1599999964237213,-0.9900000095367432,0.25999999046325684,-0.10000000521540642,0.010000020265579224,0.28999999538064003,0.33250001445412636,-0.29999999701976776,-0.09000003337860107,0.14999999105930328,2.72524751026513e-16,-0.9887283444404602,-0.3754069209098816,-0.5150629281997681,-1.2938213348388672,-4.879094123840332,-0.9008039236068726,0.0,0.0,0.0,0.0,0.0,0.0,0.0
6.6095,2,0,-0.15000000596046448,-0.44999998807907104,0.23999999463558197,0.03500000014901161,-0.1599999964237213,-0.9900000095367432,0.25999999046325684,-0.10000000521540642,0.010000020265579224,0.28999999538064003,0.33250001445412636,-0.29999999701976776,-0.09000003337860107,0.14999999105930328,2.72524751026513e-16,-0.9887283444404602,-0.3754069209098816,-0.5150629281997681,-1.2938213348388672,-4.879094123840332,-0.9008039236068726,0.0,0.0,0.0,0.0,0.0,0.0,0.0
6.6296,2,0,-0.15000000596046448,-0.44999998807907104,0.23999999463558197,0.03500000014901161,-0.1599999964237213,-0.9900000095367432,0.25999999046325684,-0.10000000521540642,0.010000020265579224,0.28999999538064003,0.33250001445412636,-0.29999999701976776,-0.09000003337860107,0.14999999105930328,2.72524751026513e-16,-0.9887283444404602,-0.3754069209098816,-0.5150629281997681,-1.2938213348388672,-4.879094123840332,-0.9008039236068726,0.0,0.0,0.0,0.0,0.0,0.0,0.0
6.6497,2,0,-0.15000000596046448,-0.44999998807907104,0.23999999463558197,0.03500000014901161,-0.1599999964237213,-0.9900000095367432,0.25999999046325684,-0.10000000521540642,0.010000020265579224,0.28999999538064003,0.33250001445412636,-0.29999999701976776,-0.09000003337860107,0.14999999105930328,2.72524751026513e-16,-0.9887283444404602,-0.3754069209098816,-0.5150629281997681,-1.2938213348388672,-4.879094123840332,-0.9008039236068726,0.0,0.0,0.0,0.0,0.0,0.0,0.0
6.6698,2,0,-0.15000000596046448,-0.44999998807907104,0.23999999463558197,0.03500000014901161,-0.1599999964237213,-0.9900000095367432,0.25999999046325684,-0.10000000521540642,0.010000020265579224,0.28999999538064003,0.33250001445412636,-0.29999999701976776,-0.09000003337860107,0.14999999105930328,2.72524751026513e-16,-0.9887283444404602,-0.3754069209098816,-0.5150629281997681,-1.2938213348388672,-4.879094123840332,-0.9008039236068726,0.0,0.0,0.0,0.0,0.0,0.0,0.0
6.6900,2,0,-0.15000000596046448,-0.44999998807907104,0.23999999463558197,0.03500000014901161,-0.1599999964237213,-0.9900000095367432,0.25999999046325684,-0.10000000521540642,0.010000020265579224,0.28999999538064003,0.33250001445412636,-0.29999999701976776,-0.09000003337860107,0.14999999105930328,2.72524751026513e-16,-0.9887283444404602,-0.3754069209098816,-0.5150629281997681,-1.2938213348388672,-4.879094123840332,-0.9008039236068726,0.0,0.0,0.0,0.0,0.0,0.0,0.0
6.7102,2,0,-0.15000000596046448,-0.44999998807907104,0.23999999463558197,0.03500000014901161,-0.1599999964237213,-0.9900000095367432,0.25999999046325684,-0.10000000521540642,0.010000020265579224,0.28999999538064003,0.33250001445412636,-0.29999999701976776,-0.09000003337860107,0.14999999105930328,2.72524751026513e-16,-0.9887283444404602,-0.3754069209098816,-0.5150629281997681,-1.2938213348388672,-4.879094123840332,-0.9008039236068726,0.0,0.0,0.0,0.0,0.0,0.0,0.0
6.7304,2,0,-0.15000000596046448,-0.44999998807907104,0.23999999463558197,0.03500000014901161,-0.1599999964237213,-0.9900000095367432,0.25999999046325684,-0.10000000521540642,0.010000020265579224,0.28999999538064003,0.33250001445412636,-0.29999999701976776,-0.09000003337860107,0.14999999105930328,2.72524751026513e-16,-0.9887283444404602,-0.3754069209098816,-0.5150629281997681,-1.2938213348388672,-4.879094123840332,-0.9008039236068726,0.0,0.0,0.0,0.0,0.0,0.0,0.0
6.7505,2,0,-0.15000000596046448,-0.44999998807907104,0.23999999463558197,0.03500000014901161,-0.1599999964237213,-0.9900000095367432,0.25999999046325684,-0.10000000521540642,0.010000020265579224,0.28999999538064003,0.33250001445412636,-0.29999999701976776,-0.09000003337860107,0.14999999105930328,2.72524751026513e-16,-0.9887283444404602,-0.3754069209098816,-0.5150629281997681,-1.2938213348388672,-4.879094123840332,-0.9008039236068726,0.0,0.0,0.0,0.0,0.0,0.0,0.0
6.7707,2,0,-0.15000000596046448,-0.44999998807907104,0.23999999463558197,0.03500000014901161,-0.1599999964237213,-0.9900000095367432,0.25999999046325684,-0.10000000521540642,0.010000020265579224,0.28999999538064003,0.33250001445412636,-0.29999999701976776,-0.09000003337860107,0.14999999105930328,2.72524751026513e-16,-0.9887283444404602,-0.3754069209098816,-0.5150629281997681,-1.2938213348388672,-4.879094123840332,-0.9008039236068726,0.0,0.0,0.0,0.0,0.0,0.0,0.0
6.7908,2,0,-0.1550000011920929,-0.4424999952316284,0.23000000417232513,0.03999999910593033,-0.17000000178813934,-0.9900000095367432,0.25999999046325684,-0.10500000044703484,0.01750001311302185,0.2800000049173832,0.3375000134110451,-0.3100000023841858,-0.09000003337860107,0.14999999105930328,2.72524751026513e-16,-0.9887283444404602,-0.3754069209098816,-0.5150629281997681,-1.2938213348388672,-4.879094123840332,-0.9008039236068726,0.0,0.0,0.0,0.0,0.0,0.0,0.0
6.8109,2,0,-0.1550000011920929,-0.4424999952316284,0.23000000417232513,0.03999999910593033,-0.17000000178813934,-0.9900000095367432,0.25999999046325684,-0.10500000044703484,0.01750001311302185,0.2800000049173832,0.3375000134110451,-0.3100000023841858,-0.09000003337860107,0.14999999105930328,2.72524751026513e-16,-0.9887283444404602,-0.3754069209098816,-0.5150629281997681,-1.2938213348388672,-4.879094123840332,-0.9008039236068726,0.0,0.0,0.0,0.0,0.0,0.0,0.0
6.8312,2,0,-0.1550000011920929,-0.4424999952316284,0.23000000417232513,0.03999999910593033,-0.17000000178813934,-0.9900000095367432,0.25999999046325684,-0.10500000044703484,0.01750001311302185,0.2800000049173832,0.3375000134110451,-0.3100000023841858,-0.09000003337860107,0.14999999105930328,2.72524751026513e-16,-0.9887283444404602,-0.3754069209098816,-0.5150629281997681,-1.2938213348388672,-4.879094123840332,-0.9008039236068726,0.0,0.0,0.0,0.0,0.0,0.0,0.0
6.8514,2,0,-0.1550000011920929,-0.4424999952316284,0.23000000417232513,0.03999999910593033,-0.17000000178813934,-0.9900000095367432,0.25999999046325684,-0.10500000044703484,0.01750001311302185,0.2800000049173832,0.3375000134110451,-0.3100000023841858,-0.09000003337860107,0.14999999105930328,2.72524751026513e-16,-0.9887283444404602,-0.3754069209098816,-0.5150629281997681,-1.2938213348388672,-4.879094123840332,-0.9008039236068726,0.0,0.0,0.0,0.0,0.0,0.0,0.0
6.8716,2,0,-0.1550000011920929,-0.4424999952316284,0.23000000417232513,0.03999999910593033,-0.17000000178813934,-0.9900000095367432,0.25999999046325684,-0.10500000044703484,0.01750001311302185,0.2800000049173832,0.3375000134110451,-0.3100000023841858,-0.09000003337860107,0.14999999105930328,2.72524751026513e-16,-0.9887283444404602,-0.3754069209098816,-0.5150629281997681,-1.2938213348388672,-4.879094123840332,-0.9008039236068726,0.0,0.0,0.0,0.0,0.0,0.0,0.0
6.8918,2,0,-0.1550000011920929,-0.4424999952316284,0.23000000417232513,0.03999999910593033,-0.17000000178813934,-0.9900000095367432,0.25999999046325684,-0.10500000044703484,0.01750001311302185,0.2800000049173832,0.3375000134110451,-0.3100000023841858,-0.09000003337860107,0.14999999105930328,2.72524751026513e-16,-0.9887283444404602,-0.3754069209098816,-0.5150629281997681,-1.2938213348388672,-4.879094123840332,-0.9008039236068726,0.0,0.0,0.0,0.0,0.0,0.0,0.0
6.9120,2,0,-0.1550000011920929,-0.4424999952316284,0.23000000417232513,0.03999999910593033,-0.17000000178813934,-0.9900000095367432,0.25999999046325684,-0.10500000044703484,0.01750001311302185,0.2800000049173832,0.3375000134110451,-0.3100000023841858,-0.09000003337860107,0.14999999105930328,2.72524751026513e-16,-0.9887283444404602,-0.3754069209098816,-0.5150629281997681,-1.2938213348388672,-4.879094123840332,-0.9008039236068726,0.0,0.0,0.0,0.0,0.0,0.0,0.0
6.9322,2,0,-0.1550000011920929,-0.4424999952316284,0.23000000417232513,0.03999999910593033,-0.17000000178813934,-0.9900000095367432,0.25999999046325684,-0.10500000044703484,0.01750001311302185,0.2800000049173832,0.3375000134110451,-0.3100000023841858,-0.09000003337860107,0.14999999105930328,2.72524751026513e-16,-0.9887283444404602,-0.3754069209098816,-0.5150629281997681,-1.2938213348388672,-4.879094123840332,-0.9008039236068726,0.0,0.0,0.0,0.0,0.0,0.0,0.0
6.9523,2,0,-0.1550000011920929,-0.4424999952316284,0.23000000417232513,0.03999999910593033,-0.17000000178813934,-0.9900000095367432,0.25999999046325684,-0.10500000044703484,0.01750001311302185,0.2800000049173832,0.3375000134110451,-0.3100000023841858,-0.09000003337860107,0.14999999105930328,2.72524751026513e-16,-0.9887283444404602,-0.3754069209098816,-0.5150629281997681,-1.2938213348388672,-4.879094123840332,-0.9008039236068726,0.0,0.0,0.0,0.0,0.0,0.0,0.0
6.9724,2,0,-0.1550000011920929,-0.4424999952316284,0.23000000417232513,0.03999999910593033,-0.17000000178813934,-0.9900000095367432,0.25999999046325684,-0.10500000044703484,0.01750001311302185,0.2800000049173832,0.3375000134110451,-0.3100000023841858,-0.09000003337860107,0.14999999105930328,2.72524751026513e-16,-0.9887283444404602,-0.3754069209098816,-0.5150629281997681,-1.2938213348388672,-4.879094123840332,-0.9008039236068726,0.0,0.0,0.0,0.0,0.0,0.0,0.0
6.9928,2,0,-0.1550000011920929,-0.4399999976158142,0.20999999344348907,0.05249999836087227,-0.18000000715255737,-0.9900000095367432,0.25999999046325684,-0.10500000044703484,0.02000001072883606,0.25999999418854713,0.350000012665987,-0.3200000077486038,-0.09000003337860107,0.14999999105930328,2.72524751026513e-16,-0.9887283444404602,-0.3754069209098816,-0.5150629281997681,-1.2938213348388672,-4.879094123840332,-0.9008039236068726,0.0,0.0,0.0,0.0,0.0,0.0,0.0
7.0129,2,0,-0.1550000011920929,-0.4399999976158142,0.20999999344348907,0.05249999836087227,-0.18000000715255737,-0.9900000095367432,0.25999999046325684,-0.10500000044703484,0.02000001072883606,0.25999999418854713,0.350000012665987,-0.3200000077486038,-0.09000003337860107,0.14999999105930328,2.72524751026513e-16,-0.9887283444404602,-0.3754069209098816,-0.5150629281997681,-1.2938213348388672,-4.879094123840332,-0.9008039236068726,0.0,0.0,0.0,0.0,0.0,0.0,0.0
7.0330,2,0,-0.1550000011920929,-0.4399999976158142,0.20999999344348907,0.05249999836087227,-0.18000000715255737,-0.9900000095367432,0.25999999046325684,-0.10500000044703484,0.02000001072883606,0.25999999418854713,0.350000012665987,-0.3200000077486038,-0.09000003337860107,0.14999999105930328,2.72524751026513e-16,-0.9887283444404602,-0.3754069209098816,-0.5150629281997681,-1.2938213348388672,-4.879094123840332,-0.9008039236068726,0.0,0.0,0.0,0.0,0.0,0.0,0.0
7.0531,2,0,-0.1550000011920929,-0.4399999976158142,0.20999999344348907,0.05249999836087227,-0.18000000715255737,-0.9900000095367432,0.25999999046325684,-0.10500000044703484,0.02000001072883606,0.25999999418854713,0.350000012665987,-0.3200000077486038,-0.09000003337860107,0.14999999105930328,2.72524751026513e-16,-0.9887283444404602,-0.3754069209098816,-0.5150629281997681,-1.2938213348388672,-4.879094123840332,-0.9008039236068726,0.0,0.0,0.0,0.0,0.0,0.0,0.0
7.0732,2,0,-0.1550000011920929,-0.4399999976158142,0.20999999344348907,0.05249999836087227,-0.18000000715255737,-0.9900000095367432,0.25999999046325684,-0.10500000044703484,0.02000001072883606,0.25999999418854713,0.350000012665987,-0.3200000077486038,-0.09000003337860107,0.14999999105930328,2.72524751026513e-16,-0.9887283444404602,-0.3754069209098816,-0.5150629281997681,-1.2938213348388672,-4.879094123840332,-0.9008039236068726,0.0,0.0,0.0,0.0,0.0,0.0,0.0
7.0933,2,0,-0.1550000011920929,-0.4399999976158142,0.20999999344348907,0.05249999836087227,-0.18000000715255737,-0.9900000095367432,0.25999999046325684,-0.10500000044703484,0.02000001072883606,0.25999999418854713,0.350000012665987,-0.3200000077486038,-0.09000003337860107,0.14999999105930328,2.72524751026513e-16,-0.9887283444404602,-0.3754069209098816,-0.5150629281997681,-1.2938213348388672,-4.879094123840332,-0.9008039236068726,0.0,0.0,0.0,0.0,0.0,0.0,0.0
7.1134,2,0,-0.1550000011920929,-0.4399999976158142,0.20999999344348907,0.05249999836087227,-0.18000000715255737,-0.9900000095367432,0.25999999046325684,-0.10500000044703484,0.02000001072883606,0.25999999418854713,0.350000012665987,-0.3200000077486038,-0.09000003337860107,0.14999999105930328,2.72524751026513e-16,-0.9887283444404602,-0.3754069209098816,-0.5150629281997681,-1.2938213348388672,-4.879094123840332,-0.9008039236068726,0.0,0.0,0.0,0.0,0.0,0.0,0.0
7.1335,2,0,-0.1550000011920929,-0.4399999976158142,0.20999999344348907,0.05249999836087227,-0.18000000715255737,-0.9900000095367432,0.25999999046325684,-0.10500000044703484,0.02000001072883606,0.25999999418854713,0.350000012665987,-0.3200000077486038,-0.09000003337860107,0.14999999105930328,2.72524751026513e-16,-0.9887283444404602,-0.3754069209098816,-0.5150629281997681,-1.2938213348388672,-4.879094123840332,-0.9008039236068726,0.0,0.0,0.0,0.0,0.0,0.0,0.0
7.1536,2,0,-0.1550000011920929,-0.4399999976158142,0.20999999344348907,0.05249999836087227,-0.18000000715255737,-0.9900000095367432,0.25999999046325684,-0.10500000044703484,0.02000001072883606,0.25999999418854713,0.350000012665987,-0.3200000077486038,-0.09000003337860107,0.14999999105930328,2.72524751026513e-16,-0.9887283444404602,-0.3754069209098816,-0.5150629281997681,-1.2938213348388672,-4.879094123840332,-0.9008039236068726,0.0,0.0,0.0,0.0,0.0,0.0,0.0
7.1747,2,0,-0.1550000011920929,-0.4399999976158142,0.20999999344348907,0.05249999836087227,-0.18000000715255737,-0.9900000095367432,0.25999999046325684,-0.10500000044703484,0.02000001072883606,0.25999999418854713,0.350000012665987,-0.3200000077486038,-0.09000003337860107,0.14999999105930328,2.72524751026513e-16,-0.9887283444404602,-0.3754069209098816,-0.5150629281997681,-1.2938213348388672,-4.879094123840332,-0.9008039236068726,0.0,0.0,0.0,0.0,0.0,0.0,0.0
7.1950,2,0,-0.1599999964237213,-0.4300000071525574,0.20000000298023224,0.06750000268220901,-0.1899999976158142,-0.9900000095367432,0.25999999046325684,-0.10999999567866325,0.030000001192092896,0.2500000037252903,0.36500001698732376,-0.32999999821186066,-0.09000003337860107,0.14999999105930328,2.72524751026513e-16,-0.9887283444404602,-0.3754069209098816,-0.5150629281997681,-1.2938213348388672,-4.879094123840332,-0.9008039236068726,0.0,0.0,0.0,0.0,0.0,0.0,0.0
7.2152,2,0,-0.1599999964237213,-0.4300000071525574,0.20000000298023224,0.06750000268220901,-0.1899999976158142,-0.9900000095367432,0.25999999046325684,-0.10999999567866325,0.030000001192092896,0.2500000037252903,0.36500001698732376,-0.32999999821186066,-0.09000003337860107,0.14999999105930328,2.72524751026513e-16,-0.9887283444404602,-0.3754069209098816,-0.5150629281997681,-1.2938213348388672,-4.879094123840332,-0.9008039236068726,0.0,0.0,0.0,0.0,0.0,0.0,0.0
7.2355,2,0,-0.1599999964237213,-0.4300000071525574,0.20000000298023224,0.06750000268220901,-0.1899999976158142,-0.9900000095367432,0.25999999046325684,-0.10999999567866325,0.030000001192092896,0.2500000037252903,0.36500001698732376,-0.32999999821186066,-0.09000003337860107,0.14999999105930328,2.72524751026513e-16,-0.9887283444404602,-0.3754069209098816,-0.5150629281997681,-1.2938213348388672,-4.879094123840332,-0.9008039236068726,0.0,0.0,0.0,0.0,0.0,0.0,0.0
7.2556,2,0,-0.1599999964237213,-0.4300000071525574,0.20000000298023224,0.06750000268220901,-0.1899999976158142,-0.9900000095367432,0.25999999046325684,-0.10999999567866325,0.030000001192092896,0.2500000037252903,0.36500001698732376,-0.32999999821186066,-0.09000003337860107,0.14999999105930328,2.72524751026513e-16,-0.9887283444404602,-0.3754069209098816,-0.5150629281997681,-1.2938213348388672,-4.879094123840332,-0.9008039236068726,0.0,0.0,0.0,0.0,0.0,0.0,0.0
7.2758,2,0,-0.1599999964237213,-0.4300000071525574,0.20000000298023224,0.06750000268220901,-0.1899999976158142,-0.9900000095367432,0.25999999046325684,-0.10999999567866325,0.030000001192092896,0.2500000037252903,0.36500001698732376,-0.32999999821186066,-0.09000003337860107,0.14999999105930328,2.72524751026513e-16,-0.9887283444404602,-0.3754069209098816,-0.5150629281997681,-1.2938213348388672,-4.879094123840332,-0.9008039236068726,0.0,0.0,0.0,0.0,0.0,0.0,0.0
7.2959,2,0,-0.1599999964237213,-0.4300000071525574,0.20000000298023224,0.06750000268220901,-0.1899999976158142,-0.9900000095367432,0.25999999046325684,-0.10999999567866325,0.030000001192092896,0.2500000037252903,0.36500001698732376,-0.32999999821186066,-0.09000003337860107,0.14999999105930328,2.72524751026513e-16,-0.9887283444404602,-0.3754069209098816,-0.5150629281997681,-1.2938213348388672,-4.879094123840332,-0.9008039236068726,0.0,0.0,0.0,0.0,0.0,0.0,0.0
7.3160,2,0,-0.1599999964237213,-0.4300000071525574,0.20000000298023224,0.06750000268220901,-0.1899999976158142,-0.9900000095367432,0.25999999046325684,-0.10999999567866325,0.030000001192092896,0.2500000037252903,0.36500001698732376,-0.32999999821186066,-0.09000003337860107,0.14999999105930328,2.72524751026513e-16,-0.9887283444404602,-0.3754069209098816,-0.5150629281997681,-1.2938213348388672,-4.879094123840332,-0.9008039236068726,0.0,0.0,0.0,0.0,0.0,0.0,0.0
7.3362,2,0,-0.1599999964237213,-0.4300000071525574,0.20000000298023224,0.06750000268220901,-0.1899999976158142,-0.9900000095367432,0.25999999046325684,-0.10999999567866325,0.030000001192092896,0.2500000037252903,0.36500001698732376,-0.32999999821186066,-0.09000003337860107,0.14999999105930328,2.72524751026513e-16,-0.9887283444404602,-0.3754069209098816,-0.5150629281997681,-1.2938213348388672,-4.879094123840332,-0.9008039236068726,0.0,0.0,0.0,0.0,0.0,0.0,0.0
7.3564,2,0,-0.1599999964237213,-0.4300000071525574,0.20000000298023224,0.06750000268220901,-0.1899999976158142,-0.9900000095367432,0.25999999046325684,-0.10999999567866325,0.030000001192092896,0.2500000037252903,0.36500001698732376,-0.32999999821186066,-0.09000003337860107,0.14999999105930328,2.72524751026513e-16,-0.9887283444404602,-0.3754069209098816,-0.5150629281997681,-1.2938213348388672,-4.879094123840332,-0.9008039236068726,0.0,0.0,0.0,0.0,0.0,0.0,0.0
7.3766,2,0,-0.16249999403953552,-0.41999998688697815,0.1899999976158142,0.07000000029802322,-0.20000000298023224,-0.9900000095367432,0.25999999046325684,-0.11249999329447746,0.04000002145767212,0.23999999836087227,0.36750001460313797,-0.3400000035762787,-0.09000003337860107,0.14999999105930328,2.72524751026513e-16,-0.9887283444404602,-0.3754069209098816,-0.5150629281997681,-1.2938213348388672,-4.879094123840332,-0.9008039236068726,0.0,0.0,0.0,0.0,0.0,0.0,0.0
7.3967,2,0,-0.16249999403953552,-0.41999998688697815,0.1899999976158142,0.07000000029802322,-0.20000000298023224,-0.9900000095367432,0.25999999046325684,-0.11249999329447746,0.04000002145767212,0.23999999836087227,0.36750001460313797,-0.3400000035762787,-0.09000003337860107,0.14999999105930328,2.72524751026513e-16,-0.9887283444404602,-0.3754069209098816,-0.5150629281997681,-1.2938213348388672,-4.879094123840332,-0.9008039236068726,0.0,0.0,0.0,0.0,0.0,0.0,0.0
7.4168,2,0,-0.16249999403953552,-0.41999998688697815,0.1899999976158142,0.07000000029802322,-0.20000000298023224,-0.9900000095367432,0.25999999046325684,-0.11249999329447746,0.04000002145767212,0.23999999836087227,0.36750001460313797,-0.3400000035762787,-0.09000003337860107,0.14999999105930328,2.72524751026513e-16,-0.9887283444404602,-0.3754069209098816,-0.5150629281997681,-1.2938213348388672,-4.879094123840332,-0.9008039236068726,0.0,0.0,0.0,0.0,0.0,0.0,0.0
7.4370,2,0,-0.16249999403953552,-0.41999998688697815,0.1899999976158142,0.07000000029802322,-0.20000000298023224,-0.9900000095367432,0.25999999046325684,-0.11249999329447746,0.04000002145767212,0.23999999836087227,0.36750001460313797,-0.3400000035762787,-0.09000003337860107,0.14999999105930328,2.72524751026513e-16,-0.9887283444404602,-0.3754069209098816,-0.5150629281997681,-1.2938213348388672,-4.879094123840332,-0.9008039236068726,0.0,0.0,0.0,0.0,0.0,0.0,0.0
7.4570,2,0,-0.16249999403953552,-0.41999998688697815,0.1899999976158142,0.07000000029802322,-0.20000000298023224,-0.9900000095367432,0.25999999046325684,-0.11249999329447746,0.04000002145767212,0.23999999836087227,0.36750001460313797,-0.3400000035762787,-0.09000003337860107,0.14999999105930328,2.72524751026513e-16,-0.9887283444404602,-0.3754069209098816,-0.5150629281997681,-1.2938213348388672,-4.879094123840332,-0.9008039236068726,0.0,0.0,0.0,0.0,0.0,0.0,0.0
7.4772,2,0,-0.16249999403953552,-0.41999998688697815,0.1899999976158142,0.07000000029802322,-0.20000000298023224,-0.9900000095367432,0.25999999046325684,-0.11249999329447746,0.04000002145767212,0.23999999836087227,0.36750001460313797,-0.3400000035762787,-0.09000003337860107,0.14999999105930328,2.72524751026513e-16,-0.9887283444404602,-0.3754069209098816,-0.5150629281997681,-1.2938213348388672,-4.879094123840332,-0.9008039236068726,0.0,0.0,0.0,0.0,0.0,0.0,0.0
7.4973,2,0,-0.16249999403953552,-0.41999998688697815,0.1899999976158142,0.07000000029802322,-0.20000000298023224,-0.9900000095367432,0.25999999046325684,-0.11249999329447746,0.04000002145767212,0.23999999836087227,0.36750001460313797,-0.3400000035762787,-0.09000003337860107,0.14999999105930328,2.72524751026513e-16,-0.9887283444404602,-0.3754069209098816,-0.5150629281997681,-1.2938213348388672,-4.879094123840332,-0.9008039236068726,0.0,0.0,0.0,0.0,0.0,0.0,0.0
7.5175,2,0,-0.16249999403953552,-0.41999998688697815,0.1899999976158142,0.07000000029802322,-0.20000000298023224,-0.9900000095367432,0.25999999046325684,-0.11249999329447746,0.04000002145767212,0.23999999836087227,0.36750001460313797,-0.3400000035762787,-0.09000003337860107,0.14999999105930328,2.72524751026513e-16,-0.9887283444404602,-0.3754069209098816,-0.5150629281997681,-1.2938213348388672,-4.879094123840332,-0.9008039236068726,0.0,0.0,0.0,0.0,0.0,0.0,0.0
7.5376,2,0,-0.16249999403953552,-0.41999998688697815,0.1899999976158142,0.07000000029802322,-0.20000000298023224,-0.9900000095367432,0.25999999046325684,-0.11249999329447746,0.04000002145767212,0.23999999836087227,0.36750001460313797,-0.3400000035762787,-0.09000003337860107,0.14999999105930328,2.72524751026513e-16,-0.9887283444404602,-0.3754069209098816,-0.5150629281997681,-1.2938213348388672,-4.879094123840332,-0.9008039236068726,0.0,0.0,0.0,0.0,0.0,0.0,0.0
7.5577,2,0,-0.16249999403953552,-0.41999998688697815,0.1899999976158142,0.07000000029802322,-0.20000000298023224,-0.9900000095367432,0.25999999046325684,-0.11249999329447746,0.04000002145767212,0.23999999836087227,0.36750001460313797,-0.3400000035762787,-0.09000003337860107,0.14999999105930328,2.72524751026513e-16,-0.9887283444404602,-0.3754069209098816,-0.5150629281997681,-1.2938213348388672,-4.879094123840332,-0.9008039236068726,0.0,0.0,0.0,0.0,0.0,0.0,0.0
7.5778,2,0,-0.16750000417232513,-0.41999998688697815,0.17749999463558197,0.08250000327825546,-0.20999999344348907,-0.9975000023841858,0.25999999046325684,-0.11750000342726707,0.04000002145767212,0.22749999538064003,0.3800000175833702,-0.3499999940395355,-0.0975000262260437,0.14999999105930328,2.72524751026513e-16,-0.9887283444404602,-0.3754069209098816,-0.5150629281997681,-1.2938213348388672,-4.879094123840332,-0.9008039236068726,0.0,0.0,0.0,0.0,0.0,0.0,0.0
7.5979,2,0,-0.16750000417232513,-0.41999998688697815,0.17749999463558197,0.08250000327825546,-0.20999999344348907,-0.9975000023841858,0.25999999046325684,-0.11750000342726707,0.04000002145767212,0.22749999538064003,0.3800000175833702,-0.3499999940395355,-0.0975000262260437,0.14999999105930328,2.72524751026513e-16,-0.9887283444404602,-0.3754069209098816,-0.5150629281997681,-1.2938213348388672,-4.879094123840332,-0.9008039236068726,0.0,0.0,0.0,0.0,0.0,0.0,0.0
7.6181,2,0,-0.16750000417232513,-0.41999998688697815,0.17749999463558197,0.08250000327825546,-0.20999999344348907,-0.9975000023841858,0.25999999046325684,-0.11750000342726707,0.04000002145767212,0.22749999538064003,0.3800000175833702,-0.3499999940395355,-0.0975000262260437,0.14999999105930328,2.72524751026513e-16,-0.9887283444404602,-0.3754069209098816,-0.5150629281997681,-1.2938213348388672,-4.879094123840332,-0.9008039236068726,0.0,0.0,0.0,0.0,0.0,0.0,0.0
7.6382,2,0,-0.16750000417232513,-0.41999998688697815,0.17749999463558197,0.08250000327825546,-0.20999999344348907,-0.9975000023841858,0.25999999046325684,-0.11750000342726707,0.04000002145767212,0.22749999538064003,0.3800000175833702,-0.3499999940395355,-0.0975000262260437,0.14999999105930328,2.72524751026513e-16,-0.9887283444404602,-0.3754069209098816,-0.5150629281997681,-1.2938213348388672,-4.879094123840332,-0.9008039236068726,0.0,0.0,0.0,0.0,0.0,0.0,0.0
7.6583,2,0,-0.16750000417232513,-0.41999998688697815,0.17749999463558197,0.08250000327825546,-0.20999999344348907,-0.9975000023841858,0.25999999046325684,-0.11750000342726707,0.04000002145767212,0.22749999538064003,0.3800000175833702,-0.3499999940395355,-0.0975000262260437,0.14999999105930328,2.72524751026513e-16,-0.9887283444404602,-0.3754069209098816,-0.5150629281997681,-1.2938213348388672,-4.879094123840332,-0.9008039236068726,0.0,0.0,0.0,0.0,0.0,0.0,0.0
7.6784,2,0,-0.16750000417232513,-0.41999998688697815,0.17749999463558197,0.08250000327825546,-0.20999999344348907,-0.9975000023841858,0.25999999046325684,-0.11750000342726707,0.04000002145767212,0.22749999538064003,0.3800000175833702,-0.3499999940395355,-0.0975000262260437,0.14999999105930328,2.72524751026513e-16,-0.9887283444404602,-0.3754069209098816,-0.5150629281997681,-1.2938213348388672,-4.879094123840332,-0.9008039236068726,0.0,0.0,0.0,0.0,0.0,0.0,0.0
7.6985,2,0,-0.16750000417232513,-0.41999998688697815,0.17749999463558197,0.08250000327825546,-0.20999999344348907,-0.9975000023841858,0.25999999046325684,-0.11750000342726707,0.04000002145767212,0.22749999538064003,0.3800000175833702,-0.3499999940395355,-0.0975000262260437,0.14999999105930328,2.72524751026513e-16,-0.9887283444404602,-0.3754069209098816,-0.5150629281997681,-1.2938213348388672,-4.879094123840332,-0.9008039236068726,0.0,0.0,0.0,0.0,0.0,0.0,0.0
7.7186,2,0,-0.16750000417232513,-0.41999998688697815,0.17749999463558197,0.08250000327825546,-0.20999999344348907,-0.9975000023841858,0.25999999046325684,-0.11750000342726707,0.04000002145767212,0.22749999538064003,0.3800000175833702,-0.3499999940395355,-0.0975000262260437,0.14999999105930328,2.72524751026513e-16,-0.9887283444404602,-0.3754069209098816,-0.5150629281997681,-1.2938213348388672,-4.879094123840332,-0.9008039236068726,0.0,0.0,0.0,0.0,0.0,0.0,0.0
7.7387,2,0,-0.16750000417232513,-0.41999998688697815,0.17749999463558197,0.08250000327825546,-0.20999999344348907,-0.9975000023841858,0.25999999046325684,-0.11750000342726707,0.04000002145767212,0.22749999538064003,0.3800000175833702,-0.3499999940395355,-0.0975000262260437,0.14999999105930328,2.72524751026513e-16,-0.9887283444404602,-0.3754069209098816,-0.5150629281997681,-1.2938213348388672,-4.879094123840332,-0.9008039236068726,0.0,0.0,0.0,0.0,0.0,0.0,0.0
7.7588,2,0,-0.16750000417232513,-0.41999998688697815,0.17749999463558197,0.08250000327825546,-0.20999999344348907,-0.9975000023841858,0.25999999046325684,-0.11750000342726707,0.04000002145767212,0.22749999538064003,0.3800000175833702,-0.3499999940395355,-0.0975000262260437,0.14999999105930328,2.72524751026513e-16,-0.9887283444404602,-0.3754069209098816,-0.5150629281997681,-1.2938213348388672,-4.879094123840332,-0.9008039236068726,0.0,0.0,0.0,0.0,0.0,0.0,0.0
7.7790,2,0,-0.17000000178813934,-0.41499999165534973,0.1599999964237213,0.09000000357627869,-0.2199999988079071,-1.0,0.25999999046325684,-0.12000000104308128,0.04500001668930054,0.20999999716877937,0.38750001788139343,-0.35999999940395355,-0.10000002384185791,0.14999999105930328,2.72524751026513e-16,-0.9887283444404602,-0.3754069209098816,-0.5150629281997681,-1.2938213348388672,-4.879094123840332,-0.9008039236068726,0.0,0.0,0.0,0.0,0.0,0.0,0.0
7.7992,2,0,-0.17000000178813934,-0.41499999165534973,0.1599999964237213,0.09000000357627869,-0.2199999988079071,-1.0,0.25999999046325684,-0.12000000104308128,0.04500001668930054,0.20999999716877937,0.38750001788139343,-0.35999999940395355,-0.10000002384185791,0.14999999105930328,2.72524751026513e-16,-0.9887283444404602,-0.3754069209098816,-0.5150629281997681,-1.2938213348388672,-4.879094123840332,-0.9008039236068726,0.0,0.0,0.0,0.0,0.0,0.0,0.0
7.8193,2,0,-0.17000000178813934,-0.41499999165534973,0.1599999964237213,0.09000000357627869,-0.2199999988079071,-1.0,0.25999999046325684,-0.12000000104308128,0.04500001668930054,0.20999999716877937,0.38750001788139343,-0.35999999940395355,-0.10000002384185791,0.14999999105930328,2.72524751026513e-16,-0.9887283444404602,-0.3754069209098816,-0.5150629281997681,-1.2938213348388672,-4.879094123840332,-0.9008039236068726,0.0,0.0,0.0,0.0,0.0,0.0,0.0
7.8394,2,0,-0.17000000178813934,-0.41499999165534973,0.1599999964237213,0.09000000357627869,-0.2199999988079071,-1.0,0.25999999046325684,-0.12000000104308128,0.04500001668930054,0.20999999716877937,0.38750001788139343,-0.35999999940395355,-0.10000002384185791,0.14999999105930328,2.72524751026513e-16,-0.9887283444404602,-0.3754069209098816,-0.5150629281997681,-1.2938213348388672,-4.879094123840332,-0.9008039236068726,0.0,0.0,0.0,0.0,0.0,0.0,0.0
7.8595,2,0,-0.17000000178813934,-0.41499999165534973,0.1599999964237213,0.09000000357627869,-0.2199999988079071,-1.0,0.25999999046325684,-0.12000000104308128,0.04500001668930054,0.20999999716877937,0.38750001788139343,-0.35999999940395355,-0.10000002384185791,0.14999999105930328,2.72524751026513e-16,-0.9887283444404602,-0.3754069209098816,-0.5150629281997681,-1.2938213348388672,-4.879094123840332,-0.9008039236068726,0.0,0.0,0.0,0.0,0.0,0.0,0.0
7.8798,2,0,-0.17000000178813934,-0.41499999165534973,0.1599999964237213,0.09000000357627869,-0.2199999988079071,-1.0,0.25999999046325684,-0.12000000104308128,0.04500001668930054,0.20999999716877937,0.38750001788139343,-0.35999999940395355,-0.10000002384185791,0.14999999105930328,2.72524751026513e-16,-0.9887283444404602,-0.3754069209098816,-0.5150629281997681,-1.2938213348388672,-4.879094123840332,-0.9008039236068726,0.0,0.0,0.0,0.0,0.0,0.0,0.0
7.9000,2,0,-0.17000000178813934,-0.41499999165534973,0.1599999964237213,0.09000000357627869,-0.2199999988079071,-1.0,0.25999999046325684,-0.12000000104308128,0.04500001668930054,0.20999999716877937,0.38750001788139343,-0.35999999940395355,-0.10000002384185791,0.14999999105930328,2.72524751026513e-16,-0.9887283444404602,-0.3754069209098816,-0.5150629281997681,-1.2938213348388672,-4.879094123840332,-0.9008039236068726,0.0,0.0,0.0,0.0,0.0,0.0,0.0
7.9203,2,0,-0.17000000178813934,-0.41499999165534973,0.1599999964237213,0.09000000357627869,-0.2199999988079071,-1.0,0.25999999046325684,-0.12000000104308128,0.04500001668930054,0.20999999716877937,0.38750001788139343,-0.35999999940395355,-0.10000002384185791,0.14999999105930328,2.72524751026513e-16,-0.9887283444404602,-0.3754069209098816,-0.5150629281997681,-1.2938213348388672,-4.879094123840332,-0.9008039236068726,0.0,0.0,0.0,0.0,0.0,0.0,0.0
7.9404,2,0,-0.17000000178813934,-0.41499999165534973,0.1599999964237213,0.09000000357627869,-0.2199999988079071,-1.0,0.25999999046325684,-0.12000000104308128,0.04500001668930054,0.20999999716877937,0.38750001788139343,-0.35999999940395355,-0.10000002384185791,0.14999999105930328,2.72524751026513e-16,-0.9887283444404602,-0.3754069209098816,-0.5150629281997681,-1.2938213348388672,-4.879094123840332,-0.9008039236068726,0.0,0.0,0.0,0.0,0.0,0.0,0.0
7.9606,2,0,-0.17000000178813934,-0.41499999165534973,0.1599999964237213,0.09000000357627869,-0.2199999988079071,-1.0,0.25999999046325684,-0.12000000104308128,0.04500001668930054,0.20999999716877937,0.38750001788139343,-0.35999999940395355,-0.10000002384185791,0.14999999105930328,2.72524751026513e-16,-0.9887283444404602,-0.3754069209098816,-0.5150629281997681,-1.2938213348388672,-4.879094123840332,-0.9008039236068726,0.0,0.0,0.0,0.0,0.0,0.0,0.0
7.9808,2,0,-0.17000000178813934,-0.4025000035762787,0.15000000596046448,0.10000000149011612,-0.23000000417232513,-1.0,0.25999999046325684,-0.12000000104308128,0.05750000476837158,0.20000000670552254,0.39750001579523087,-0.3700000047683716,-0.10000002384185791,0.14999999105930328,2.72524751026513e-16,-0.9887283444404602,-0.3754069209098816,-0.5150629281997681,-1.2938213348388672,-4.879094123840332,-0.9008039236068726,0.0,0.0,0.0,0.0,0.0,0.0,0.0
8.0009,2,0,-0.17000000178813934,-0.4025000035762787,0.15000000596046448,0.10000000149011612,-0.23000000417232513,-1.0,0.25999999046325684,-0.12000000104308128,0.05750000476837158,0.20000000670552254,0.39750001579523087,-0.3700000047683716,-0.10000002384185791,0.14999999105930328,2.72524751026513e-16,-0.9887283444404602,-0.3754069209098816,-0.5150629281997681,-1.2938213348388672,-4.879094123840332,-0.9008039236068726,0.0,0.0,0.0,0.0,0.0,0.0,0.0
8.0210,2,0,-0.17000000178813934,-0.4025000035762787,0.15000000596046448,0.10000000149011612,-0.23000000417232513,-1.0,0.25999999046325684,-0.12000000104308128,0.05750000476837158,0.20000000670552254,0.39750001579523087,-0.3700000047683716,-0.10000002384185791,0.14999999105930328,2.72524751026513e-16,-0.9887283444404602,-0.3754069209098816,-0.5150629281997681,-1.2938213348388672,-4.879094123840332,-0.9008039236068726,0.0,0.0,0.0,0.0,0.0,0.0,0.0
8.0411,2,0,-0.17000000178813934,-0.4025000035762787,0.15000000596046448,0.10000000149011612,-0.23000000417232513,-1.0,0.25999999046325684,-0.12000000104308128,0.05750000476837158,0.20000000670552254,0.39750001579523087,-0.3700000047683716,-0.10000002384185791,0.14999999105930328,2.72524751026513e-16,-0.9887283444404602,-0.3754069209098816,-0.5150629281997681,-1.2938213348388672,-4.879094123840332,-0.9008039236068726,0.0,0.0,0.0,0.0,0.0,0.0,0.0
8.0613,2,0,-0.17000000178813934,-0.4025000035762787,0.15000000596046448,0.10000000149011612,-0.23000000417232513,-1.0,0.25999999046325684,-0.12000000104308128,0.05750000476837158,0.20000000670552254,0.39750001579523087,-0.3700000047683716,-0.10000002384185791,0.14999999105930328,2.72524751026513e-16,-0.9887283444404602,-0.3754069209098816,-0.5150629281997681,-1.2938213348388672,-4.879094123840332,-0.9008039236068726,0.0,0.0,0.0,0.0,0.0,0.0,0.0
8.0815,2,0,-0.17000000178813934,-0.4025000035762787,0.15000000596046448,0.10000000149011612,-0.23000000417232513,-1.0,0.25999999046325684,-0.12000000104308128,0.05750000476837158,0.20000000670552254,0.39750001579523087,-0.3700000047683716,-0.10000002384185791,0.14999999105930328,2.72524751026513e-16,-0.9887283444404602,-0.3754069209098816,-0.5150629281997681,-1.2938213348388672,-4.879094123840332,-0.9008039236068726,0.0,0.0,0.0,0.0,0.0,0.0,0.0
8.1016,2,0,-0.17000000178813934,-0.4025000035762787,0.15000000596046448,0.10000000149011612,-0.23000000417232513,-1.0,0.25999999046325684,-0.12000000104308128,0.05750000476837158,0.20000000670552254,0.39750001579523087,-0.3700000047683716,-0.10000002384185791,0.14999999105930328,2.72524751026513e-16,-0.9887283444404602,-0.3754069209098816,-0.5150629281997681,-1.2938213348388672,-4.879094123840332,-0.9008039236068726,0.0,0.0,0.0,0.0,0.0,0.0,0.0
8.1217,2,0,-0.17000000178813934,-0.4025000035762787,0.15000000596046448,0.10000000149011612,-0.23000000417232513,-1.0,0.25999999046325684,-0.12000000104308128,0.05750000476837158,0.20000000670552254,0.39750001579523087,-0.3700000047683716,-0.10000002384185791,0.14999999105930328,2.72524751026513e-16,-0.9887283444404602,-0.3754069209098816,-0.5150629281997681,-1.2938213348388672,-4.879094123840332,-0.9008039236068726,0.0,0.0,0.0,0.0,0.0,0.0,0.0
8.1420,2,0,-0.17000000178813934,-0.4025000035762787,0.15000000596046448,0.10000000149011612,-0.23000000417232513,-1.0,0.25999999046325684,-0.12000000104308128,0.05750000476837158,0.20000000670552254,0.39750001579523087,-0.3700000047683716,-0.10000002384185791,0.14999999105930328,2.72524751026513e-16,-0.9887283444404602,-0.3754069209098816,-0.5150629281997681,-1.2938213348388672,-4.879094123840332,-0.9008039236068726,0.0,0.0,0.0,0.0,0.0,0.0,0.0
8.1622,2,0,-0.17000000178813934,-0.4025000035762787,0.15000000596046448,0.10000000149011612,-0.23000000417232513,-1.0,0.25999999046325684,-0.12000000104308128,0.05750000476837158,0.20000000670552254,0.39750001579523087,-0.3700000047683716,-0.10000002384185791,0.14999999105930328,2.72524751026513e-16,-0.9887283444404602,-0.3754069209098816,-0.5150629281997681,-1.2938213348388672,-4.879094123840332,-0.9008039236068726,0.0,0.0,0.0,0.0,0.0,0.0,0.0
8.1823,2,0,-0.17000000178813934,-0.38999998569488525,0.14000000059604645,0.11249999701976776,-0.24250000715255737,-1.0049999952316284,0.25999999046325684,-0.12000000104308128,0.07000002264976501,0.1900000013411045,0.4100000113248825,-0.3825000077486038,-0.10500001907348633,0.14999999105930328,2.72524751026513e-16,-0.9887283444404602,-0.3754069209098816,-0.5150629281997681,-1.2938213348388672,-4.879094123840332,-0.9008039236068726,0.0,0.0,0.0,0.0,0.0,0.0,0.0
8.2024,2,0,-0.17000000178813934,-0.38999998569488525,0.14000000059604645,0.11249999701976776,-0.24250000715255737,-1.0049999952316284,0.25999999046325684,-0.12000000104308128,0.07000002264976501,0.1900000013411045,0.4100000113248825,-0.3825000077486038,-0.10500001907348633,0.14999999105930328,2.72524751026513e-16,-0.9887283444404602,-0.3754069209098816,-0.5150629281997681,-1.2938213348388672,-4.879094123840332,-0.9008039236068726,0.0,0.0,0.0,0.0,0.0,0.0,0.0
8.2226,2,0,-0.17000000178813934,-0.38999998569488525,0.14000000059604645,0.11249999701976776,-0.24250000715255737,-1.0049999952316284,0.25999999046325684,-0.12000000104308128,0.07000002264976501,0.1900000013411045,0.4100000113248825,-0.3825000077486038,-0.10500001907348633,0.14999999105930328,2.72524751026513e-16,-0.9887283444404602,-0.3754069209098816,-0.5150629281997681,-1.2938213348388672,-4.879094123840332,-0.9008039236068726,0.0,0.0,0.0,0.0,0.0,0.0,0.0
8.2428,2,0,-0.17000000178813934,-0.38999998569488525,0.14000000059604645,0.11249999701976776,-0.24250000715255737,-1.0049999952316284,0.25999999046325684,-0.12000000104308128,0.07000002264976501,0.1900000013411045,0.4100000113248825,-0.3825000077486038,-0.10500001907348633,0.14999999105930328,2.72524751026513e-16,-0.9887283444404602,-0.3754069209098816,-0.5150629281997681,-1.2938213348388672,-4.879094123840332,-0.9008039236068726,0.0,0.0,0.0,0.0,0.0,0.0,0.0
8.2629,2,0,-0.17000000178813934,-0.38999998569488525,0.14000000059604645,0.11249999701976776,-0.24250000715255737,-1.0049999952316284,0.25999999046325684,-0.12000000104308128,0.07000002264976501,0.1900000013411045,0.4100000113248825,-0.3825000077486038,-0.10500001907348633,0.14999999105930328,2.72524751026513e-16,-0.9887283444404602,-0.3754069209098816,-0.5150629281997681,-1.2938213348388672,-4.879094123840332,-0.9008039236068726,0.0,0.0,0.0,0.0,0.0,0.0,0.0
8.2832,2,0,-0.17000000178813934,-0.38999998569488525,0.14000000059604645,0.11249999701976776,-0.24250000715255737,-1.0049999952316284,0.25999999046325684,-0.12000000104308128,0.07000002264976501,0.1900000013411045,0.4100000113248825,-0.3825000077486038,-0.10500001907348633,0.14999999105930328,2.72524751026513e-16,-0.9887283444404602,-0.3754069209098816,-0.5150629281997681,-1.2938213348388672,-4.879094123840332,-0.9008039236068726,0.0,0.0,0.0,0.0,0.0,0.0,0.0
8.3034,2,0,-0.17000000178813934,-0.38999998569488525,0.14000000059604645,0.11249999701976776,-0.24250000715255737,-1.0049999952316284,0.25999999046325684,-0.12000000104308128,0.07000002264976501,0.1900000013411045,0.4100000113248825,-0.3825000077486038,-0.10500001907348633,0.14999999105930328,2.72524751026513e-16,-0.9887283444404602,-0.3754069209098816,-0.5150629281997681,-1.2938213348388672,-4.879094123840332,-0.9008039236068726,0.0,0.0,0.0,0.0,0.0,0.0,0.0
8.3235,2,0,-0.17000000178813934,-0.38999998569488525,0.14000000059604645,0.11249999701976776,-0.24250000715255737,-1.0049999952316284,0.25999999046325684,-0.12000000104308128,0.07000002264976501,0.1900000013411045,0.4100000113248825,-0.3825000077486038,-0.10500001907348633,0.14999999105930328,2.72524751026513e-16,-0.9887283444404602,-0.3754069209098816,-0.5150629281997681,-1.2938213348388672,-4.879094123840332,-0.9008039236068726,0.0,0.0,0.0,0.0,0.0,0.0,0.0
8.3437,2,0,-0.17000000178813934,-0.38999998569488525,0.14000000059604645,0.11249999701976776,-0.24250000715255737,-1.0049999952316284,0.25999999046325684,-0.12000000104308128,0.07000002264976501,0.1900000013411045,0.4100000113248825,-0.3825000077486038,-0.10500001907348633,0.14999999105930328,2.72524751026513e-16,-0.9887283444404602,-0.3754069209098816,-0.5150629281997681,-1.2938213348388672,-4.879094123840332,-0.9008039236068726,0.0,0.0,0.0,0.0,0.0,0.0,0.0
8.3640,2,0,-0.17000000178813934,-0.38999998569488525,0.14000000059604645,0.11249999701976776,-0.24250000715255737,-1.0049999952316284,0.25999999046325684,-0.12000000104308128,0.07000002264976501,0.1900000013411045,0.4100000113248825,-0.3825000077486038,-0.10500001907348633,0.14999999105930328,2.72524751026513e-16,-0.9887283444404602,-0.3754069209098816,-0.5150629281997681,-1.2938213348388672,-4.879094123840332,-0.9008039236068726,0.0,0.0,0.0,0.0,0.0,0.0,0.0
8.3842,2,0,-0.17000000178813934,-0.38749998807907104,0.125,0.11999999731779099,-0.25,-1.0099999904632568,0.25999999046325684,-0.12000000104308128,0.07250002026557922,0.17500000074505806,0.41750001162290573,-0.39000000059604645,-0.11000001430511475,0.14999999105930328,2.72524751026513e-16,-0.9887283444404602,-0.3754069209098816,-0.5150629281997681,-1.2938213348388672,-4.879094123840332,-0.9008039236068726,0.0,0.0,0.0,0.0,0.0,0.0,0.0
8.4043,2,0,-0.17000000178813934,-0.38749998807907104,0.125,0.11999999731779099,-0.25,-1.0099999904632568,0.25999999046325684,-0.12000000104308128,0.07250002026557922,0.17500000074505806,0.41750001162290573,-0.39000000059604645,-0.11000001430511475,0.14999999105930328,2.72524751026513e-16,-0.9887283444404602,-0.3754069209098816,-0.5150629281997681,-1.2938213348388672,-4.879094123840332,-0.9008039236068726,0.0,0.0,0.0,0.0,0.0,0.0,0.0
8.4245,2,0,-0.17000000178813934,-0.38749998807907104,0.125,0.11999999731779099,-0.25,-1.0099999904632568,0.25999999046325684,-0.12000000104308128,0.07250002026557922,0.17500000074505806,0.41750001162290573,-0.39000000059604645,-0.11000001430511475,0.14999999105930328,2.72524751026513e-16,-0.9887283444404602,-0.3754069209098816,-0.5150629281997681,-1.2938213348388672,-4.879094123840332,-0.9008039236068726,0.0,0.0,0.0,0.0,0.0,0.0,0.0
8.4447,2,0,-0.17000000178813934,-0.38749998807907104,0.125,0.11999999731779099,-0.25,-1.0099999904632568,0.25999999046325684,-0.12000000104308128,0.07250002026557922,0.17500000074505806,0.41750001162290573,-0.39000000059604645,-0.11000001430511475,0.14999999105930328,2.72524751026513e-16,-0.9887283444404602,-0.3754069209098816,-0.5150629281997681,-1.2938213348388672,-4.879094123840332,-0.9008039236068726,0.0,0.0,0.0,0.0,0.0,0.0,0.0
8.4648,2,0,-0.17000000178813934,-0.38749998807907104,0.125,0.11999999731779099,-0.25,-1.0099999904632568,0.25999999046325684,-0.12000000104308128,0.07250002026557922,0.17500000074505806,0.41750001162290573,-0.39000000059604645,-0.11000001430511475,0.14999999105930328,2.72524751026513e-16,-0.9887283444404602,-0.3754069209098816,-0.5150629281997681,-1.2938213348388672,-4.879094123840332,-0.9008039236068726,0.0,0.0,0.0,0.0,0.0,0.0,0.0
8.4851,2,0,-0.17000000178813934,-0.38749998807907104,0.125,0.11999999731779099,-0.25,-1.0099999904632568,0.25999999046325684,-0.12000000104308128,0.07250002026557922,0.17500000074505806,0.41750001162290573,-0.39000000059604645,-0.11000001430511475,0.14999999105930328,2.72524751026513e-16,-0.9887283444404602,-0.3754069209098816,-0.5150629281997681,-1.2938213348388672,-4.879094123840332,-0.9008039236068726,0.0,0.0,0.0,0.0,0.0,0.0,0.0
8.5052,2,0,-0.17000000178813934,-0.38749998807907104,0.125,0.11999999731779099,-0.25,-1.0099999904632568,0.25999999046325684,-0.12000000104308128,0.07250002026557922,0.17500000074505806,0.41750001162290573,-0.39000000059604645,-0.11000001430511475,0.14999999105930328,2.72524751026513e-16,-0.9887283444404602,-0.3754069209098816,-0.5150629281997681,-1.2938213348388672,-4.879094123840332,-0.9008039236068726,0.0,0.0,0.0,0.0,0.0,0.0,0.0
8.5254,2,0,-0.17000000178813934,-0.38749998807907104,0.125,0.11999999731779099,-0.25,-1.0099999904632568,0.25999999046325684,-0.12000000104308128,0.07250002026557922,0.17500000074505806,0.41750001162290573,-0.39000000059604645,-0.11000001430511475,0.14999999105930328,2.72524751026513e-16,-0.9887283444404602,-0.3754069209098816,-0.5150629281997681,-1.2938213348388672,-4.879094123840332,-0.9008039236068726,0.0,0.0,0.0,0.0,0.0,0.0,0.0
8.5455,2,0,-0.17000000178813934,-0.38749998807907104,0.125,0.11999999731779099,-0.25,-1.0099999904632568,0.25999999046325684,-0.12000000104308128,0.07250002026557922,0.17500000074505806,0.41750001162290573,-0.39000000059604645,-0.11000001430511475,0.14999999105930328,2.72524751026513e-16,-0.9887283444404602,-0.3754069209098816,-0.5150629281997681,-1.2938213348388672,-4.879094123840332,-0.9008039236068726,0.0,0.0,0.0,0.0,0.0,0.0,0.0
8.5656,2,0,-0.17000000178813934,-0.38749998807907104,0.125,0.11999999731779099,-0.25,-1.0099999904632568,0.25999999046325684,-0.12000000104308128,0.07250002026557922,0.17500000074505806,0.41750001162290573,-0.39000000059604645,-0.11000001430511475,0.14999999105930328,2.72524751026513e-16,-0.9887283444404602,-0.3754069209098816,-0.5150629281997681,-1.2938213348388672,-4.879094123840332,-0.9008039236068726,0.0,0.0,0.0,0.0,0.0,0.0,0.0
8.5857,2,0,-0.17499999701976776,-0.3799999952316284,0.11500000208616257,0.13249999284744263,-0.26499998569488525,-1.0099999904632568,0.25999999046325684,-0.1249999962747097,0.08000001311302185,0.16500000283122063,0.4300000071525574,-0.4049999862909317,-0.11000001430511475,0.14999999105930328,2.72524751026513e-16,-0.9887283444404602,-0.3754069209098816,-0.5150629281997681,-1.2938213348388672,-4.879094123840332,-0.9008039236068726,0.0,0.0,0.0,0.0,0.0,0.0,0.0
8.6058,2,0,-0.17499999701976776,-0.3799999952316284,0.11500000208616257,0.13249999284744263,-0.26499998569488525,-1.0099999904632568,0.25999999046325684,-0.1249999962747097,0.08000001311302185,0.16500000283122063,0.4300000071525574,-0.4049999862909317,-0.11000001430511475,0.14999999105930328,2.72524751026513e-16,-0.9887283444404602,-0.3754069209098816,-0.5150629281997681,-1.2938213348388672,-4.879094123840332,-0.9008039236068726,0.0,0.0,0.0,0.0,0.0,0.0,0.0
8.6259,2,0,-0.17499999701976776,-0.3799999952316284,0.11500000208616257,0.13249999284744263,-0.26499998569488525,-1.0099999904632568,0.25999999046325684,-0.1249999962747097,0.08000001311302185,0.16500000283122063,0.4300000071525574,-0.4049999862909317,-0.11000001430511475,0.14999999105930328,2.72524751026513e-16,-0.9887283444404602,-0.3754069209098816,-0.5150629281997681,-1.2938213348388672,-4.879094123840332,-0.9008039236068726,0.0,0.0,0.0,0.0,0.0,0.0,0.0
8.6461,2,0,-0.17499999701976776,-0.3799999952316284,0.11500000208616257,0.13249999284744263,-0.26499998569488525,-1.0099999904632568,0.25999999046325684,-0.1249999962747097,0.08000001311302185,0.16500000283122063,0.4300000071525574,-0.4049999862909317,-0.11000001430511475,0.14999999105930328,2.72524751026513e-16,-0.9887283444404602,-0.3754069209098816,-0.5150629281997681,-1.2938213348388672,-4.879094123840332,-0.9008039236068726,0.0,0.0,0.0,0.0,0.0,0.0,0.0
8.6662,2,0,-0.17499999701976776,-0.3799999952316284,0.11500000208616257,0.13249999284744263,-0.26499998569488525,-1.0099999904632568,0.25999999046325684,-0.1249999962747097,0.08000001311302185,0.16500000283122063,0.4300000071525574,-0.4049999862909317,-0.11000001430511475,0.14999999105930328,2.72524751026513e-16,-0.9887283444404602,-0.3754069209098816,-0.5150629281997681,-1.2938213348388672,-4.879094123840332,-0.9008039236068726,0.0,0.0,0.0,0.0,0.0,0.0,0.0
8.6864,2,0,-0.17499999701976776,-0.3799999952316284,0.11500000208616257,0.13249999284744263,-0.26499998569488525,-1.0099999904632568,0.25999999046325684,-0.1249999962747097,0.08000001311302185,0.16500000283122063,0.4300000071525574,-0.4049999862909317,-0.11000001430511475,0.14999999105930328,2.72524751026513e-16,-0.9887283444404602,-0.3754069209098816,-0.5150629281997681,-1.2938213348388672,-4.879094123840332,-0.9008039236068726,0.0,0.0,0.0,0.0,0.0,0.0,0.0
8.7065,2,0,-0.17499999701976776,-0.3799999952316284,0.11500000208616257,0.13249999284744263,-0.26499998569488525,-1.0099999904632568,0.25999999046325684,-0.1249999962747097,0.08000001311302185,0.16500000283122063,0.4300000071525574,-0.4049999862909317,-0.11000001430511475,0.14999999105930328,2.72524751026513e-16,-0.9887283444404602,-0.3754069209098816,-0.5150629281997681,-1.2938213348388672,-4.879094123840332,-0.9008039236068726,0.0,0.0,0.0,0.0,0.0,0.0,0.0
8.7266,2,0,-0.17499999701976776,-0.3799999952316284,0.11500000208616257,0.13249999284744263,-0.26499998569488525,-1.0099999904632568,0.25999999046325684,-0.1249999962747097,0.08000001311302185,0.16500000283122063,0.4300000071525574,-0.4049999862909317,-0.11000001430511475,0.14999999105930328,2.72524751026513e-16,-0.9887283444404602,-0.3754069209098816,-0.5150629281997681,-1.2938213348388672,-4.879094123840332,-0.9008039236068726,0.0,0.0,0.0,0.0,0.0,0.0,0.0
8.7468,2,0,-0.17499999701976776,-0.3799999952316284,0.11500000208616257,0.13249999284744263,-0.26499998569488525,-1.0099999904632568,0.25999999046325684,-0.1249999962747097,0.08000001311302185,0.16500000283122063,0.4300000071525574,-0.4049999862909317,-0.11000001430511475,0.14999999105930328,2.72524751026513e-16,-0.9887283444404602,-0.3754069209098816,-0.5150629281997681,-1.2938213348388672,-4.879094123840332,-0.9008039236068726,0.0,0.0,0.0,0.0,0.0,0.0,0.0
8.7669,2,0,-0.17499999701976776,-0.3799999952316284,0.11500000208616257,0.13249999284744263,-0.26499998569488525,-1.0099999904632568,0.25999999046325684,-0.1249999962747097,0.08000001311302185,0.16500000283122063,0.4300000071525574,-0.4049999862909317,-0.11000001430511475,0.14999999105930328,2.72524751026513e-16,-0.9887283444404602,-0.3754069209098816,-0.5150629281997681,-1.2938213348388672,-4.879094123840332,-0.9008039236068726,0.0,0.0,0.0,0.0,0.0,0.0,0.0
8.7871,2,0,-0.18000000715255737,-0.3700000047683716,0.0925000011920929,0.14000000059604645,-0.27000001072883606,-1.0125000476837158,0.25999999046325684,-0.1300000064074993,0.09000000357627869,0.14250000193715096,0.4375000149011612,-0.4100000113248825,-0.11250007152557373,0.14999999105930328,2.72524751026513e-16,-0.9887283444404602,-0.3754069209098816,-0.5150629281997681,-1.2938213348388672,-4.879094123840332,-0.9008039236068726,0.0,0.0,0.0,0.0,0.0,0.0,0.0
8.8073,2,0,-0.18000000715255737,-0.3700000047683716,0.0925000011920929,0.14000000059604645,-0.27000001072883606,-1.0125000476837158,0.25999999046325684,-0.1300000064074993,0.09000000357627869,0.14250000193715096,0.4375000149011612,-0.4100000113248825,-0.11250007152557373,0.14999999105930328,2.72524751026513e-16,-0.9887283444404602,-0.3754069209098816,-0.5150629281997681,-1.2938213348388672,-4.879094123840332,-0.9008039236068726,0.0,0.0,0.0,0.0,0.0,0.0,0.0
8.8274,2,0,-0.18000000715255737,-0.3700000047683716,0.0925000011920929,0.14000000059604645,-0.27000001072883606,-1.0125000476837158,0.25999999046325684,-0.1300000064074993,0.09000000357627869,0.14250000193715096,0.4375000149011612,-0.4100000113248825,-0.11250007152557373,0.14999999105930328,2.72524751026513e-16,-0.9887283444404602,-0.3754069209098816,-0.5150629281997681,-1.2938213348388672,-4.879094123840332,-0.9008039236068726,0.0,0.0,0.0,0.0,0.0,0.0,0.0
8.8475,2,0,-0.18000000715255737,-0.3700000047683716,0.0925000011920929,0.14000000059604645,-0.27000001072883606,-1.0125000476837158,0.25999999046325684,-0.1300000064074993,0.09000000357627869,0.14250000193715096,0.4375000149011612,-0.4100000113248825,-0.11250007152557373,0.14999999105930328,2.72524751026513e-16,-0.9887283444404602,-0.3754069209098816,-0.5150629281997681,-1.2938213348388672,-4.879094123840332,-0.9008039236068726,0.0,0.0,0.0,0.0,0.0,0.0,0.0
8.8677,2,0,-0.18000000715255737,-0.3700000047683716,0.0925000011920929,0.14000000059604645,-0.27000001072883606,-1.0125000476837158,0.25999999046325684,-0.1300000064074993,0.09000000357627869,0.14250000193715096,0.4375000149011612,-0.4100000113248825,-0.11250007152557373,0.14999999105930328,2.72524751026513e-16,-0.9887283444404602,-0.3754069209098816,-0.5150629281997681,-1.2938213348388672,-4.879094123840332,-0.9008039236068726,0.0,0.0,0.0,0.0,0.0,0.0,0.0
8.8879,2,0,-0.18000000715255737,-0.3700000047683716,0.0925000011920929,0.14000000059604645,-0.27000001072883606,-1.0125000476837158,0.25999999046325684,-0.1300000064074993,0.09000000357627869,0.14250000193715096,0.4375000149011612,-0.4100000113248825,-0.11250007152557373,0.14999999105930328,2.72524751026513e-16,-0.9887283444404602,-0.3754069209098816,-0.5150629281997681,-1.2938213348388672,-4.879094123840332,-0.9008039236068726,0.0,0.0,0.0,0.0,0.0,0.0,0.0
8.9080,2,0,-0.18000000715255737,-0.3700000047683716,0.0925000011920929,0.14000000059604645,-0.27000001072883606,-1.0125000476837158,0.25999999046325684,-0.1300000064074993,0.09000000357627869,0.14250000193715096,0.4375000149011612,-0.4100000113248825,-0.11250007152557373,0.14999999105930328,2.72524751026513e-16,-0.9887283444404602,-0.3754069209098816,-0.5150629281997681,-1.2938213348388672,-4.879094123840332,-0.9008039236068726,0.0,0.0,0.0,0.0,0.0,0.0,0.0
8.9282,2,0,-0.18000000715255737,-0.3700000047683716,0.0925000011920929,0.14000000059604645,-0.27000001072883606,-1.0125000476837158,0.25999999046325684,-0.1300000064074993,0.09000000357627869,0.14250000193715096,0.4375000149011612,-0.4100000113248825,-0.11250007152557373,0.14999999105930328,2.72524751026513e-16,-0.9887283444404602,-0.3754069209098816,-0.5150629281997681,-1.2938213348388672,-4.879094123840332,-0.9008039236068726,0.0,0.0,0.0,0.0,0.0,0.0,0.0
8.9483,2,0,-0.18000000715255737,-0.3700000047683716,0.0925000011920929,0.14000000059604645,-0.27000001072883606,-1.0125000476837158,0.25999999046325684,-0.1300000064074993,0.09000000357627869,0.14250000193715096,0.4375000149011612,-0.4100000113248825,-0.11250007152557373,0.14999999105930328,2.72524751026513e-16,-0.9887283444404602,-0.3754069209098816,-0.5150629281997681,-1.2938213348388672,-4.879094123840332,-0.9008039236068726,0.0,0.0,0.0,0.0,0.0,0.0,0.0
8.9685,2,0,-0.18000000715255737,-0.3700000047683716,0.0925000011920929,0.14000000059604645,-0.27000001072883606,-1.0125000476837158,0.25999999046325684,-0.1300000064074993,0.09000000357627869,0.14250000193715096,0.4375000149011612,-0.4100000113248825,-0.11250007152557373,0.14999999105930328,2.72524751026513e-16,-0.9887283444404602,-0.3754069209098816,-0.5150629281997681,-1.2938213348388672,-4.879094123840332,-0.9008039236068726,0.0,0.0,0.0,0.0,0.0,0.0,0.0
8.9887,2,0,-0.17749999463558197,-0.3700000047683716,0.09000000357627869,0.15000000596046448,-0.2800000011920929,-1.0199999809265137,0.25999999046325684,-0.1274999938905239,0.09000000357627869,0.14000000432133675,0.4475000202655792,-0.42000000178813934,-0.12000000476837158,0.14999999105930328,2.72524751026513e-16,-0.9887283444404602,-0.3754069209098816,-0.5150629281997681,-1.2938213348388672,-4.879094123840332,-0.9008039236068726,0.0,0.0,0.0,0.0,0.0,0.0,0.0
9.0088,2,0,-0.17749999463558197,-0.3700000047683716,0.09000000357627869,0.15000000596046448,-0.2800000011920929,-1.0199999809265137,0.25999999046325684,-0.1274999938905239,0.09000000357627869,0.14000000432133675,0.4475000202655792,-0.42000000178813934,-0.12000000476837158,0.14999999105930328,2.72524751026513e-16,-0.9887283444404602,-0.3754069209098816,-0.5150629281997681,-1.2938213348388672,-4.879094123840332,-0.9008039236068726,0.0,0.0,0.0,0.0,0.0,0.0,0.0
9.0290,2,0,-0.17749999463558197,-0.3700000047683716,0.09000000357627869,0.15000000596046448,-0.2800000011920929,-1.0199999809265137,0.25999999046325684,-0.1274999938905239,0.09000000357627869,0.14000000432133675,0.4475000202655792,-0.42000000178813934,-0.12000000476837158,0.14999999105930328,2.72524751026513e-16,-0.9887283444404602,-0.3754069209098816,-0.5150629281997681,-1.2938213348388672,-4.879094123840332,-0.9008039236068726,0.0,0.0,0.0,0.0,0.0,0.0,0.0
9.0491,2,0,-0.17749999463558197,-0.3700000047683716,0.09000000357627869,0.15000000596046448,-0.2800000011920929,-1.0199999809265137,0.25999999046325684,-0.1274999938905239,0.09000000357627869,0.14000000432133675,0.4475000202655792,-0.42000000178813934,-0.12000000476837158,0.14999999105930328,2.72524751026513e-16,-0.9887283444404602,-0.3754069209098816,-0.5150629281997681,-1.2938213348388672,-4.879094123840332,-0.9008039236068726,0.0,0.0,0.0,0.0,0.0,0.0,0.0
9.0692,2,0,-0.17749999463558197,-0.3700000047683716,0.09000000357627869,0.15000000596046448,-0.2800000011920929,-1.0199999809265137,0.25999999046325684,-0.1274999938905239,0.09000000357627869,0.14000000432133675,0.4475000202655792,-0.42000000178813934,-0.12000000476837158,0.14999999105930328,2.72524751026513e-16,-0.9887283444404602,-0.3754069209098816,-0.5150629281997681,-1.2938213348388672,-4.879094123840332,-0.9008039236068726,0.0,0.0,0.0,0.0,0.0,0.0,0.0
9.0894,2,0,-0.17749999463558197,-0.3700000047683716,0.09000000357627869,0.15000000596046448,-0.2800000011920929,-1.0199999809265137,0.25999999046325684,-0.1274999938905239,0.09000000357627869,0.14000000432133675,0.4475000202655792,-0.42000000178813934,-0.12000000476837158,0.14999999105930328,2.72524751026513e-16,-0.9887283444404602,-0.3754069209098816,-0.5150629281997681,-1.2938213348388672,-4.879094123840332,-0.9008039236068726,0.0,0.0,0.0,0.0,0.0,0.0,0.0
9.1096,2,0,-0.17749999463558197,-0.3700000047683716,0.09000000357627869,0.15000000596046448,-0.2800000011920929,-1.0199999809265137,0.25999999046325684,-0.1274999938905239,0.09000000357627869,0.14000000432133675,0.4475000202655792,-0.42000000178813934,-0.12000000476837158,0.14999999105930328,2.72524751026513e-16,-0.9887283444404602,-0.3754069209098816,-0.5150629281997681,-1.2938213348388672,-4.879094123840332,-0.9008039236068726,0.0,0.0,0.0,0.0,0.0,0.0,0.0
9.1297,2,0,-0.17749999463558197,-0.3700000047683716,0.09000000357627869,0.15000000596046448,-0.2800000011920929,-1.0199999809265137,0.25999999046325684,-0.1274999938905239,0.09000000357627869,0.14000000432133675,0.4475000202655792,-0.42000000178813934,-0.12000000476837158,0.14999999105930328,2.72524751026513e-16,-0.9887283444404602,-0.3754069209098816,-0.5150629281997681,-1.2938213348388672,-4.879094123840332,-0.9008039236068726,0.0,0.0,0.0,0.0,0.0,0.0,0.0
9.1498,2,0,-0.17749999463558197,-0.3700000047683716,0.09000000357627869,0.15000000596046448,-0.2800000011920929,-1.0199999809265137,0.25999999046325684,-0.1274999938905239,0.09000000357627869,0.14000000432133675,0.4475000202655792,-0.42000000178813934,-0.12000000476837158,0.14999999105930328,2.72524751026513e-16,-0.9887283444404602,-0.3754069209098816,-0.5150629281997681,-1.2938213348388672,-4.879094123840332,-0.9008039236068726,0.0,0.0,0.0,0.0,0.0,0.0,0.0
9.1699,2,0,-0.17749999463558197,-0.3700000047683716,0.09000000357627869,0.15000000596046448,-0.2800000011920929,-1.0199999809265137,0.25999999046325684,-0.1274999938905239,0.09000000357627869,0.14000000432133675,0.4475000202655792,-0.42000000178813934,-0.12000000476837158,0.14999999105930328,2.72524751026513e-16,-0.9887283444404602,-0.3754069209098816,-0.5150629281997681,-1.2938213348388672,-4.879094123840332,-0.9008039236068726,0.0,0.0,0.0,0.0,0.0,0.0,0.0
9.1901,2,0,-0.1875,-0.35749998688697815,0.07000000029802322,0.1599999964237213,-0.28999999165534973,-1.0199999809265137,0.25999999046325684,-0.13749999925494194,0.10250002145767212,0.12000000104308128,0.45750001072883606,-0.4299999922513962,-0.12000000476837158,0.14999999105930328,2.72524751026513e-16,-0.9887283444404602,-0.3754069209098816,-0.5150629281997681,-1.2938213348388672,-4.879094123840332,-0.9008039236068726,0.0,0.0,0.0,0.0,0.0,0.0,0.0
9.2102,2,0,-0.1875,-0.35749998688697815,0.07000000029802322,0.1599999964237213,-0.28999999165534973,-1.0199999809265137,0.25999999046325684,-0.13749999925494194,0.10250002145767212,0.12000000104308128,0.45750001072883606,-0.4299999922513962,-0.12000000476837158,0.14999999105930328,2.72524751026513e-16,-0.9887283444404602,-0.3754069209098816,-0.5150629281997681,-1.2938213348388672,-4.879094123840332,-0.9008039236068726,0.0,0.0,0.0,0.0,0.0,0.0,0.0
9.2303,2,0,-0.1875,-0.35749998688697815,0.07000000029802322,0.1599999964237213,-0.28999999165534973,-1.0199999809265137,0.25999999046325684,-0.13749999925494194,0.10250002145767212,0.12000000104308128,0.45750001072883606,-0.4299999922513962,-0.12000000476837158,0.14999999105930328,2.72524751026513e-16,-0.9887283444404602,-0.3754069209098816,-0.5150629281997681,-1.2938213348388672,-4.879094123840332,-0.9008039236068726,0.0,0.0,0.0,0.0,0.0,0.0,0.0
9.2504,2,0,-0.1875,-0.35749998688697815,0.07000000029802322,0.1599999964237213,-0.28999999165534973,-1.0199999809265137,0.25999999046325684,-0.13749999925494194,0.10250002145767212,0.12000000104308128,0.45750001072883606,-0.4299999922513962,-0.12000000476837158,0.14999999105930328,2.72524751026513e-16,-0.9887283444404602,-0.3754069209098816,-0.5150629281997681,-1.2938213348388672,-4.879094123840332,-0.9008039236068726,0.0,0.0,0.0,0.0,0.0,0.0,0.0
9.2705,2,0,-0.1875,-0.35749998688697815,0.07000000029802322,0.1599999964237213,-0.28999999165534973,-1.0199999809265137,0.25999999046325684,-0.13749999925494194,0.10250002145767212,0.12000000104308128,0.45750001072883606,-0.4299999922513962,-0.12000000476837158,0.14999999105930328,2.72524751026513e-16,-0.9887283444404602,-0.3754069209098816,-0.5150629281997681,-1.2938213348388672,-4.879094123840332,-0.9008039236068726,0.0,0.0,0.0,0.0,0.0,0.0,0.0
9.2908,2,0,-0.1875,-0.35749998688697815,0.07000000029802322,0.1599999964237213,-0.28999999165534973,-1.0199999809265137,0.25999999046325684,-0.13749999925494194,0.10250002145767212,0.12000000104308128,0.45750001072883606,-0.4299999922513962,-0.12000000476837158,0.14999999105930328,2.72524751026513e-16,-0.9887283444404602,-0.3754069209098816,-0.5150629281997681,-1.2938213348388672,-4.879094123840332,-0.9008039236068726,0.0,0.0,0.0,0.0,0.0,0.0,0.0
9.3109,2,0,-0.1875,-0.35749998688697815,0.07000000029802322,0.1599999964237213,-0.28999999165534973,-1.0199999809265137,0.25999999046325684,-0.13749999925494194,0.10250002145767212,0.12000000104308128,0.45750001072883606,-0.4299999922513962,-0.12000000476837158,0.14999999105930328,2.72524751026513e-16,-0.9887283444404602,-0.3754069209098816,-0.5150629281997681,-1.2938213348388672,-4.879094123840332,-0.9008039236068726,0.0,0.0,0.0,0.0,0.0,0.0,0.0
9.3310,2,0,-0.1875,-0.35749998688697815,0.07000000029802322,0.1599999964237213,-0.28999999165534973,-1.0199999809265137,0.25999999046325684,-0.13749999925494194,0.10250002145767212,0.12000000104308128,0.45750001072883606,-0.4299999922513962,-0.12000000476837158,0.14999999105930328,2.72524751026513e-16,-0.9887283444404602,-0.3754069209098816,-0.5150629281997681,-1.2938213348388672,-4.879094123840332,-0.9008039236068726,0.0,0.0,0.0,0.0,0.0,0.0,0.0
9.3511,2,0,-0.1875,-0.35749998688697815,0.07000000029802322,0.1599999964237213,-0.28999999165534973,-1.0199999809265137,0.25999999046325684,-0.13749999925494194,0.10250002145767212,0.12000000104308128,0.45750001072883606,-0.4299999922513962,-0.12000000476837158,0.14999999105930328,2.72524751026513e-16,-0.9887283444404602,-0.3754069209098816,-0.5150629281997681,-1.2938213348388672,-4.879094123840332,-0.9008039236068726,0.0,0.0,0.0,0.0,0.0,0.0,0.0
9.3712,2,0,-0.1875,-0.35749998688697815,0.07000000029802322,0.1599999964237213,-0.28999999165534973,-1.0199999809265137,0.25999999046325684,-0.13749999925494194,0.10250002145767212,0.12000000104308128,0.45750001072883606,-0.4299999922513962,-0.12000000476837158,0.14999999105930328,2.72524751026513e-16,-0.9887283444404602,-0.3754069209098816,-0.5150629281997681,-1.2938213348388672,-4.879094123840332,-0.9008039236068726,0.0,0.0,0.0,0.0,0.0,0.0,0.0
9.3913,2,0,-0.1899999976158142,-0.3499999940395355,0.0625,0.16750000417232513,-0.30250000953674316,-1.0199999809265137,0.25999999046325684,-0.13999999687075615,0.11000001430511475,0.11250000074505806,0.4650000184774399,-0.4425000101327896,-0.12000000476837158,0.14999999105930328,2.72524751026513e-16,-0.9887283444404602,-0.3754069209098816,-0.5150629281997681,-1.2938213348388672,-4.879094123840332,-0.9008039236068726,0.0,0.0,0.0,0.0,0.0,0.0,0.0
9.4114,2,0,-0.1899999976158142,-0.3499999940395355,0.0625,0.16750000417232513,-0.30250000953674316,-1.0199999809265137,0.25999999046325684,-0.13999999687075615,0.11000001430511475,0.11250000074505806,0.4650000184774399,-0.4425000101327896,-0.12000000476837158,0.14999999105930328,2.72524751026513e-16,-0.9887283444404602,-0.3754069209098816,-0.5150629281997681,-1.2938213348388672,-4.879094123840332,-0.9008039236068726,0.0,0.0,0.0,0.0,0.0,0.0,0.0
9.4315,2,0,-0.1899999976158142,-0.3499999940395355,0.0625,0.16750000417232513,-0.30250000953674316,-1.0199999809265137,0.25999999046325684,-0.13999999687075615,0.11000001430511475,0.11250000074505806,0.4650000184774399,-0.4425000101327896,-0.12000000476837158,0.14999999105930328,2.72524751026513e-16,-0.9887283444404602,-0.3754069209098816,-0.5150629281997681,-1.2938213348388672,-4.879094123840332,-0.9008039236068726,0.0,0.0,0.0,0.0,0.0,0.0,0.0
9.4516,2,0,-0.1899999976158142,-0.3499999940395355,0.0625,0.16750000417232513,-0.30250000953674316,-1.0199999809265137,0.25999999046325684,-0.13999999687075615,0.11000001430511475,0.11250000074505806,0.4650000184774399,-0.4425000101327896,-0.12000000476837158,0.14999999105930328,2.72524751026513e-16,-0.9887283444404602,-0.3754069209098816,-0.5150629281997681,-1.2938213348388672,-4.879094123840332,-0.9008039236068726,0.0,0.0,0.0,0.0,0.0,0.0,0.0
9.4717,2,0,-0.1899999976158142,-0.3499999940395355,0.0625,0.16750000417232513,-0.30250000953674316,-1.0199999809265137,0.25999999046325684,-0.13999999687075615,0.11000001430511475,0.11250000074505806,0.4650000184774399,-0.4425000101327896,-0.12000000476837158,0.14999999105930328,2.72524751026513e-16,-0.9887283444404602,-0.3754069209098816,-0.5150629281997681,-1.2938213348388672,-4.879094123840332,-0.9008039236068726,0.0,0.0,0.0,0.0,0.0,0.0,0.0
9.4918,2,0,-0.1899999976158142,-0.3499999940395355,0.0625,0.16750000417232513,-0.30250000953674316,-1.0199999809265137,0.25999999046325684,-0.13999999687075615,0.11000001430511475,0.11250000074505806,0.4650000184774399,-0.4425000101327896,-0.12000000476837158,0.14999999105930328,2.72524751026513e-16,-0.9887283444404602,-0.3754069209098816,-0.5150629281997681,-1.2938213348388672,-4.879094123840332,-0.9008039236068726,0.0,0.0,0.0,0.0,0.0,0.0,0.0
9.5120,2,0,-0.1899999976158142,-0.3499999940395355,0.0625,0.16750000417232513,-0.30250000953674316,-1.0199999809265137,0.25999999046325684,-0.13999999687075615,0.11000001430511475,0.11250000074505806,0.4650000184774399,-0.4425000101327896,-0.12000000476837158,0.14999999105930328,2.72524751026513e-16,-0.9887283444404602,-0.3754069209098816,-0.5150629281997681,-1.2938213348388672,-4.879094123840332,-0.9008039236068726,0.0,0.0,0.0,0.0,0.0,0.0,0.0
9.5321,2,0,-0.1899999976158142,-0.3499999940395355,0.0625,0.16750000417232513,-0.30250000953674316,-1.0199999809265137,0.25999999046325684,-0.13999999687075615,0.11000001430511475,0.11250000074505806,0.4650000184774399,-0.4425000101327896,-0.12000000476837158,0.14999999105930328,2.72524751026513e-16,-0.9887283444404602,-0.3754069209098816,-0.5150629281997681,-1.2938213348388672,-4.879094123840332,-0.9008039236068726,0.0,0.0,0.0,0.0,0.0,0.0,0.0
9.5522,2,0,-0.1899999976158142,-0.3499999940395355,0.0625,0.16750000417232513,-0.30250000953674316,-1.0199999809265137,0.25999999046325684,-0.13999999687075615,0.11000001430511475,0.11250000074505806,0.4650000184774399,-0.4425000101327896,-0.12000000476837158,0.14999999105930328,2.72524751026513e-16,-0.9887283444404602,-0.3754069209098816,-0.5150629281997681,-1.2938213348388672,-4.879094123840332,-0.9008039236068726,0.0,0.0,0.0,0.0,0.0,0.0,0.0
9.5723,2,0,-0.1899999976158142,-0.3499999940395355,0.0625,0.16750000417232513,-0.30250000953674316,-1.0199999809265137,0.25999999046325684,-0.13999999687075615,0.11000001430511475,0.11250000074505806,0.4650000184774399,-0.4425000101327896,-0.12000000476837158,0.14999999105930328,2.72524751026513e-16,-0.9887283444404602,-0.3754069209098816,-0.5150629281997681,-1.2938213348388672,-4.879094123840332,-0.9008039236068726,0.0,0.0,0.0,0.0,0.0,0.0,0.0
9.5924,2,0,-0.1899999976158142,-0.3400000035762787,0.042500000447034836,0.18000000715255737,-0.3199999928474426,-1.0199999809265137,0.25999999046325684,-0.13999999687075615,0.12000000476837158,0.0925000011920929,0.4775000214576721,-0.4599999934434891,-0.12000000476837158,0.14999999105930328,2.72524751026513e-16,-0.9887283444404602,-0.3754069209098816,-0.5150629281997681,-1.2938213348388672,-4.879094123840332,-0.9008039236068726,0.0,0.0,0.0,0.0,0.0,0.0,0.0
9.6125,2,0,-0.1899999976158142,-0.3400000035762787,0.042500000447034836,0.18000000715255737,-0.3199999928474426,-1.0199999809265137,0.25999999046325684,-0.13999999687075615,0.12000000476837158,0.0925000011920929,0.4775000214576721,-0.4599999934434891,-0.12000000476837158,0.14999999105930328,2.72524751026513e-16,-0.9887283444404602,-0.3754069209098816,-0.5150629281997681,-1.2938213348388672,-4.879094123840332,-0.9008039236068726,0.0,0.0,0.0,0.0,0.0,0.0,0.0
9.6326,2,0,-0.1899999976158142,-0.3400000035762787,0.042500000447034836,0.18000000715255737,-0.3199999928474426,-1.0199999809265137,0.25999999046325684,-0.13999999687075615,0.12000000476837158,0.0925000011920929,0.4775000214576721,-0.4599999934434891,-0.12000000476837158,0.14999999105930328,2.72524751026513e-16,-0.9887283444404602,-0.3754069209098816,-0.5150629281997681,-1.2938213348388672,-4.879094123840332,-0.9008039236068726,0.0,0.0,0.0,0.0,0.0,0.0,0.0
9.6527,2,0,-0.1899999976158142,-0.3400000035762787,0.042500000447034836,0.18000000715255737,-0.3199999928474426,-1.0199999809265137,0.25999999046325684,-0.13999999687075615,0.12000000476837158,0.0925000011920929,0.4775000214576721,-0.4599999934434891,-0.12000000476837158,0.14999999105930328,2.72524751026513e-16,-0.9887283444404602,-0.3754069209098816,-0.5150629281997681,-1.2938213348388672,-4.879094123840332,-0.9008039236068726,0.0,0.0,0.0,0.0,0.0,0.0,0.0
9.6728,2,0,-0.1899999976158142,-0.3400000035762787,0.042500000447034836,0.18000000715255737,-0.3199999928474426,-1.0199999809265137,0.25999999046325684,-0.13999999687075615,0.12000000476837158,0.0925000011920929,0.4775000214576721,-0.4599999934434891,-0.12000000476837158,0.14999999105930328,2.72524751026513e-16,-0.9887283444404602,-0.3754069209098816,-0.5150629281997681,-1.2938213348388672,-4.879094123840332,-0.9008039236068726,0.0,0.0,0.0,0.0,0.0,0.0,0.0
9.6930,2,0,-0.1899999976158142,-0.3400000035762787,0.042500000447034836,0.18000000715255737,-0.3199999928474426,-1.0199999809265137,0.25999999046325684,-0.13999999687075615,0.12000000476837158,0.0925000011920929,0.4775000214576721,-0.4599999934434891,-0.12000000476837158,0.14999999105930328,2.72524751026513e-16,-0.9887283444404602,-0.3754069209098816,-0.5150629281997681,-1.2938213348388672,-4.879094123840332,-0.9008039236068726,0.0,0.0,0.0,0.0,0.0,0.0,0.0
9.7131,2,0,-0.1899999976158142,-0.3400000035762787,0.042500000447034836,0.18000000715255737,-0.3199999928474426,-1.0199999809265137,0.25999999046325684,-0.13999999687075615,0.12000000476837158,0.0925000011920929,0.4775000214576721,-0.4599999934434891,-0.12000000476837158,0.14999999105930328,2.72524751026513e-16,-0.9887283444404602,-0.3754069209098816,-0.5150629281997681,-1.2938213348388672,-4.879094123840332,-0.9008039236068726,0.0,0.0,0.0,0.0,0.0,0.0,0.0
9.7332,2,0,-0.1899999976158142,-0.3400000035762787,0.042500000447034836,0.18000000715255737,-0.3199999928474426,-1.0199999809265137,0.25999999046325684,-0.13999999687075615,0.12000000476837158,0.0925000011920929,0.4775000214576721,-0.4599999934434891,-0.12000000476837158,0.14999999105930328,2.72524751026513e-16,-0.9887283444404602,-0.3754069209098816,-0.5150629281997681,-1.2938213348388672,-4.879094123840332,-0.9008039236068726,0.0,0.0,0.0,0.0,0.0,0.0,0.0
9.7533,2,0,-0.1899999976158142,-0.3400000035762787,0.042500000447034836,0.18000000715255737,-0.3199999928474426,-1.0199999809265137,0.25999999046325684,-0.13999999687075615,0.12000000476837158,0.0925000011920929,0.4775000214576721,-0.4599999934434891,-0.12000000476837158,0.14999999105930328,2.72524751026513e-16,-0.9887283444404602,-0.3754069209098816,-0.5150629281997681,-1.2938213348388672,-4.879094123840332,-0.9008039236068726,0.0,0.0,0.0,0.0,0.0,0.0,0.0
9.7734,2,0,-0.1899999976158142,-0.3400000035762787,0.042500000447034836,0.18000000715255737,-0.3199999928474426,-1.0199999809265137,0.25999999046325684,-0.13999999687075615,0.12000000476837158,0.0925000011920929,0.4775000214576721,-0.4599999934434891,-0.12000000476837158,0.14999999105930328,2.72524751026513e-16,-0.9887283444404602,-0.3754069209098816,-0.5150629281997681,-1.2938213348388672,-4.879094123840332,-0.9008039236068726,0.0,0.0,0.0,0.0,0.0,0.0,0.0
9.7935,2,0,-0.19499999284744263,-0.3400000035762787,0.03500000014901161,0.1899999976158142,-0.32249999046325684,-1.0199999809265137,0.25999999046325684,-0.14499999210238457,0.12000000476837158,0.08500000089406967,0.48750001192092896,-0.4624999910593033,-0.12000000476837158,0.14999999105930328,2.72524751026513e-16,-0.9887283444404602,-0.3754069209098816,-0.5150629281997681,-1.2938213348388672,-4.879094123840332,-0.9008039236068726,0.0,0.0,0.0,0.0,0.0,0.0,0.0
9.8137,2,0,-0.19499999284744263,-0.3400000035762787,0.03500000014901161,0.1899999976158142,-0.32249999046325684,-1.0199999809265137,0.25999999046325684,-0.14499999210238457,0.12000000476837158,0.08500000089406967,0.48750001192092896,-0.4624999910593033,-0.12000000476837158,0.14999999105930328,2.72524751026513e-16,-0.9887283444404602,-0.3754069209098816,-0.5150629281997681,-1.2938213348388672,-4.879094123840332,-0.9008039236068726,0.0,0.0,0.0,0.0,0.0,0.0,0.0
9.8338,2,0,-0.19499999284744263,-0.3400000035762787,0.03500000014901161,0.1899999976158142,-0.32249999046325684,-1.0199999809265137,0.25999999046325684,-0.14499999210238457,0.12000000476837158,0.08500000089406967,0.48750001192092896,-0.4624999910593033,-0.12000000476837158,0.14999999105930328,2.72524751026513e-16,-0.9887283444404602,-0.3754069209098816,-0.5150629281997681,-1.2938213348388672,-4.879094123840332,-0.9008039236068726,0.0,0.0,0.0,0.0,0.0,0.0,0.0
9.8539,2,0,-0.19499999284744263,-0.3400000035762787,0.03500000014901161,0.1899999976158142,-0.32249999046325684,-1.0199999809265137,0.25999999046325684,-0.14499999210238457,0.12000000476837158,0.08500000089406967,0.48750001192092896,-0.4624999910593033,-0.12000000476837158,0.14999999105930328,2.72524751026513e-16,-0.9887283444404602,-0.3754069209098816,-0.5150629281997681,-1.2938213348388672,-4.879094123840332,-0.9008039236068726,0.0,0.0,0.0,0.0,0.0,0.0,0.0
9.8740,2,0,-0.19499999284744263,-0.3400000035762787,0.03500000014901161,0.1899999976158142,-0.32249999046325684,-1.0199999809265137,0.25999999046325684,-0.14499999210238457,0.12000000476837158,0.08500000089406967,0.48750001192092896,-0.4624999910593033,-0.12000000476837158,0.14999999105930328,2.72524751026513e-16,-0.9887283444404602,-0.3754069209098816,-0.5150629281997681,-1.2938213348388672,-4.879094123840332,-0.9008039236068726,0.0,0.0,0.0,0.0,0.0,0.0,0.0
9.8942,2,0,-0.19499999284744263,-0.3400000035762787,0.03500000014901161,0.1899999976158142,-0.32249999046325684,-1.0199999809265137,0.25999999046325684,-0.14499999210238457,0.12000000476837158,0.08500000089406967,0.48750001192092896,-0.4624999910593033,-0.12000000476837158,0.14999999105930328,2.72524751026513e-16,-0.9887283444404602,-0.3754069209098816,-0.5150629281997681,-1.2938213348388672,-4.879094123840332,-0.9008039236068726,0.0,0.0,0.0,0.0,0.0,0.0,0.0
9.9143,2,0,-0.19499999284744263,-0.3400000035762787,0.03500000014901161,0.1899999976158142,-0.32249999046325684,-1.0199999809265137,0.25999999046325684,-0.14499999210238457,0.12000000476837158,0.08500000089406967,0.48750001192092896,-0.4624999910593033,-0.12000000476837158,0.14999999105930328,2.72524751026513e-16,-0.9887283444404602,-0.3754069209098816,-0.5150629281997681,-1.2938213348388672,-4.879094123840332,-0.9008039236068726,0.0,0.0,0.0,0.0,0.0,0.0,0.0
9.9344,2,0,-0.19499999284744263,-0.3400000035762787,0.03500000014901161,0.1899999976158142,-0.32249999046325684,-1.0199999809265137,0.25999999046325684,-0.14499999210238457,0.12000000476837158,0.08500000089406967,0.48750001192092896,-0.4624999910593033,-0.12000000476837158,0.14999999105930328,2.72524751026513e-16,-0.9887283444404602,-0.3754069209098816,-0.5150629281997681,-1.2938213348388672,-4.879094123840332,-0.9008039236068726,0.0,0.0,0.0,0.0,0.0,0.0,0.0
9.9545,2,0,-0.19499999284744263,-0.3400000035762787,0.03500000014901161,0.1899999976158142,-0.32249999046325684,-1.0199999809265137,0.25999999046325684,-0.14499999210238457,0.12000000476837158,0.08500000089406967,0.48750001192092896,-0.4624999910593033,-0.12000000476837158,0.14999999105930328,2.72524751026513e-16,-0.9887283444404602,-0.3754069209098816,-0.5150629281997681,-1.2938213348388672,-4.879094123840332,-0.9008039236068726,0.0,0.0,0.0,0.0,0.0,0.0,0.0
9.9746,2,0,-0.19499999284744263,-0.3400000035762787,0.03500000014901161,0.1899999976158142,-0.32249999046325684,-1.0199999809265137,0.25999999046325684,-0.14499999210238457,0.12000000476837158,0.08500000089406967,0.48750001192092896,-0.4624999910593033,-0.12000000476837158,0.14999999105930328,2.72524751026513e-16,-0.9887283444404602,-0.3754069209098816,-0.5150629281997681,-1.2938213348388672,-4.879094123840332,-0.9008039236068726,0.0,0.0,0.0,0.0,0.0,0.0,0.0
9.9948,2,0,-0.20000000298023224,-0.33000001311302185,0.019999999552965164,0.20000000298023224,-0.3400000035762787,-1.0199999809265137,0.25999999046325684,-0.15000000223517418,0.12999999523162842,0.07000000029802322,0.497500017285347,-0.48000000417232513,-0.12000000476837158,0.14999999105930328,2.72524751026513e-16,-0.9887283444404602,-0.3754069209098816,-0.5150629281997681,-1.2938213348388672,-4.879094123840332,-0.9008039236068726,0.0,0.0,0.0,0.0,0.0,0.0,0.0
10.0149,2,0,-0.20000000298023224,-0.33000001311302185,0.019999999552965164,0.20000000298023224,-0.3400000035762787,-1.0199999809265137,0.25999999046325684,-0.15000000223517418,0.12999999523162842,0.07000000029802322,0.497500017285347,-0.48000000417232513,-0.12000000476837158,0.14999999105930328,2.72524751026513e-16,-0.9887283444404602,-0.3754069209098816,-0.5150629281997681,-1.2938213348388672,-4.879094123840332,-0.9008039236068726,0.0,0.0,0.0,0.0,0.0,0.0,0.0
10.0350,2,0,-0.20000000298023224,-0.33000001311302185,0.019999999552965164,0.20000000298023224,-0.3400000035762787,-1.0199999809265137,0.25999999046325684,-0.15000000223517418,0.12999999523162842,0.07000000029802322,0.497500017285347,-0.48000000417232513,-0.12000000476837158,0.14999999105930328,2.72524751026513e-16,-0.9887283444404602,-0.3754069209098816,-0.5150629281997681,-1.2938213348388672,-4.879094123840332,-0.9008039236068726,0.0,0.0,0.0,0.0,0.0,0.0,0.0
10.0551,2,0,-0.20000000298023224,-0.33000001311302185,0.019999999552965164,0.20000000298023224,-0.3400000035762787,-1.0199999809265137,0.25999999046325684,-0.15000000223517418,0.12999999523162842,0.07000000029802322,0.497500017285347,-0.48000000417232513,-0.12000000476837158,0.14999999105930328,2.72524751026513e-16,-0.9887283444404602,-0.3754069209098816,-0.5150629281997681,-1.2938213348388672,-4.879094123840332,-0.9008039236068726,0.0,0.0,0.0,0.0,0.0,0.0,0.0
10.0752,2,0,-0.20000000298023224,-0.33000001311302185,0.019999999552965164,0.20000000298023224,-0.3400000035762787,-1.0199999809265137,0.25999999046325684,-0.15000000223517418,0.12999999523162842,0.07000000029802322,0.497500017285347,-0.48000000417232513,-0.12000000476837158,0.14999999105930328,2.72524751026513e-16,-0.9887283444404602,-0.3754069209098816,-0.5150629281997681,-1.2938213348388672,-4.879094123840332,-0.9008039236068726,0.0,0.0,0.0,0.0,0.0,0.0,0.0
10.0954,2,0,-0.20000000298023224,-0.33000001311302185,0.019999999552965164,0.20000000298023224,-0.3400000035762787,-1.0199999809265137,0.25999999046325684,-0.15000000223517418,0.12999999523162842,0.07000000029802322,0.497500017285347,-0.48000000417232513,-0.12000000476837158,0.14999999105930328,2.72524751026513e-16,-0.9887283444404602,-0.3754069209098816,-0.5150629281997681,-1.2938213348388672,-4.879094123840332,-0.9008039236068726,0.0,0.0,0.0,0.0,0.0,0.0,0.0
10.1155,2,0,-0.20000000298023224,-0.33000001311302185,0.019999999552965164,0.20000000298023224,-0.3400000035762787,-1.0199999809265137,0.25999999046325684,-0.15000000223517418,0.12999999523162842,0.07000000029802322,0.497500017285347,-0.48000000417232513,-0.12000000476837158,0.14999999105930328,2.72524751026513e-16,-0.9887283444404602,-0.3754069209098816,-0.5150629281997681,-1.2938213348388672,-4.879094123840332,-0.9008039236068726,0.0,0.0,0.0,0.0,0.0,0.0,0.0
10.1357,2,0,-0.20000000298023224,-0.33000001311302185,0.019999999552965164,0.20000000298023224,-0.3400000035762787,-1.0199999809265137,0.25999999046325684,-0.15000000223517418,0.12999999523162842,0.07000000029802322,0.497500017285347,-0.48000000417232513,-0.12000000476837158,0.14999999105930328,2.72524751026513e-16,-0.9887283444404602,-0.3754069209098816,-0.5150629281997681,-1.2938213348388672,-4.879094123840332,-0.9008039236068726,0.0,0.0,0.0,0.0,0.0,0.0,0.0
10.1558,2,0,-0.20000000298023224,-0.33000001311302185,0.019999999552965164,0.20000000298023224,-0.3400000035762787,-1.0199999809265137,0.25999999046325684,-0.15000000223517418,0.12999999523162842,0.07000000029802322,0.497500017285347,-0.48000000417232513,-0.12000000476837158,0.14999999105930328,2.72524751026513e-16,-0.9887283444404602,-0.3754069209098816,-0.5150629281997681,-1.2938213348388672,-4.879094123840332,-0.9008039236068726,0.0,0.0,0.0,0.0,0.0,0.0,0.0
10.1760,2,0,-0.20000000298023224,-0.33000001311302185,0.019999999552965164,0.20000000298023224,-0.3400000035762787,-1.0199999809265137,0.25999999046325684,-0.15000000223517418,0.12999999523162842,0.07000000029802322,0.497500017285347,-0.48000000417232513,-0.12000000476837158,0.14999999105930328,2.72524751026513e-16,-0.9887283444404602,-0.3754069209098816,-0.5150629281997681,-1.2938213348388672,-4.879094123840332,-0.9008039236068726,0.0,0.0,0.0,0.0,0.0,0.0,0.0
10.1961,2,0,-0.20000000298023224,-0.3199999928474426,0.009999999776482582,0.20999999344348907,-0.3400000035762787,-1.024999976158142,0.25999999046325684,-0.15000000223517418,0.14000001549720764,0.06000000052154064,0.5075000077486038,-0.48000000417232513,-0.125,0.14999999105930328,2.72524751026513e-16,-0.9887283444404602,-0.3754069209098816,-0.5150629281997681,-1.2938213348388672,-4.879094123840332,-0.9008039236068726,0.0,0.0,0.0,0.0,0.0,0.0,0.0
10.2162,2,0,-0.20000000298023224,-0.3199999928474426,0.009999999776482582,0.20999999344348907,-0.3400000035762787,-1.024999976158142,0.25999999046325684,-0.15000000223517418,0.14000001549720764,0.06000000052154064,0.5075000077486038,-0.48000000417232513,-0.125,0.14999999105930328,2.72524751026513e-16,-0.9887283444404602,-0.3754069209098816,-0.5150629281997681,-1.2938213348388672,-4.879094123840332,-0.9008039236068726,0.0,0.0,0.0,0.0,0.0,0.0,0.0
10.2363,2,0,-0.20000000298023224,-0.3199999928474426,0.009999999776482582,0.20999999344348907,-0.3400000035762787,-1.024999976158142,0.25999999046325684,-0.15000000223517418,0.14000001549720764,0.06000000052154064,0.5075000077486038,-0.48000000417232513,-0.125,0.14999999105930328,2.72524751026513e-16,-0.9887283444404602,-0.3754069209098816,-0.5150629281997681,-1.2938213348388672,-4.879094123840332,-0.9008039236068726,0.0,0.0,0.0,0.0,0.0,0.0,0.0
10.2565,2,0,-0.20000000298023224,-0.3199999928474426,0.009999999776482582,0.20999999344348907,-0.3400000035762787,-1.024999976158142,0.25999999046325684,-0.15000000223517418,0.14000001549720764,0.06000000052154064,0.5075000077486038,-0.48000000417232513,-0.125,0.14999999105930328,2.72524751026513e-16,-0.9887283444404602,-0.3754069209098816,-0.5150629281997681,-1.2938213348388672,-4.879094123840332,-0.9008039236068726,0.0,0.0,0.0,0.0,0.0,0.0,0.0
10.2766,2,0,-0.20000000298023224,-0.3199999928474426,0.009999999776482582,0.20999999344348907,-0.3400000035762787,-1.024999976158142,0.25999999046325684,-0.15000000223517418,0.14000001549720764,0.06000000052154064,0.5075000077486038,-0.48000000417232513,-0.125,0.14999999105930328,2.72524751026513e-16,-0.9887283444404602,-0.3754069209098816,-0.5150629281997681,-1.2938213348388672,-4.879094123840332,-0.9008039236068726,0.0,0.0,0.0,0.0,0.0,0.0,0.0
10.2968,2,0,-0.20000000298023224,-0.3199999928474426,0.009999999776482582,0.20999999344348907,-0.3400000035762787,-1.024999976158142,0.25999999046325684,-0.15000000223517418,0.14000001549720764,0.06000000052154064,0.5075000077486038,-0.48000000417232513,-0.125,0.14999999105930328,2.72524751026513e-16,-0.9887283444404602,-0.3754069209098816,-0.5150629281997681,-1.2938213348388672,-4.879094123840332,-0.9008039236068726,0.0,0.0,0.0,0.0,0.0,0.0,0.0
10.3169,2,0,-0.20000000298023224,-0.3199999928474426,0.009999999776482582,0.20999999344348907,-0.3400000035762787,-1.024999976158142,0.25999999046325684,-0.15000000223517418,0.14000001549720764,0.06000000052154064,0.5075000077486038,-0.48000000417232513,-0.125,0.14999999105930328,2.72524751026513e-16,-0.9887283444404602,-0.3754069209098816,-0.5150629281997681,-1.2938213348388672,-4.879094123840332,-0.9008039236068726,0.0,0.0,0.0,0.0,0.0,0.0,0.0
10.3371,2,0,-0.20000000298023224,-0.3199999928474426,0.009999999776482582,0.20999999344348907,-0.3400000035762787,-1.024999976158142,0.25999999046325684,-0.15000000223517418,0.14000001549720764,0.06000000052154064,0.5075000077486038,-0.48000000417232513,-0.125,0.14999999105930328,2.72524751026513e-16,-0.9887283444404602,-0.3754069209098816,-0.5150629281997681,-1.2938213348388672,-4.879094123840332,-0.9008039236068726,0.0,0.0,0.0,0.0,0.0,0.0,0.0
10.3573,2,0,-0.20000000298023224,-0.3199999928474426,0.009999999776482582,0.20999999344348907,-0.3400000035762787,-1.024999976158142,0.25999999046325684,-0.15000000223517418,0.14000001549720764,0.06000000052154064,0.5075000077486038,-0.48000000417232513,-0.125,0.14999999105930328,2.72524751026513e-16,-0.9887283444404602,-0.3754069209098816,-0.5150629281997681,-1.2938213348388672,-4.879094123840332,-0.9008039236068726,0.0,0.0,0.0,0.0,0.0,0.0,0.0
10.3775,2,0,-0.20000000298023224,-0.3199999928474426,0.009999999776482582,0.20999999344348907,-0.3400000035762787,-1.024999976158142,0.25999999046325684,-0.15000000223517418,0.14000001549720764,0.06000000052154064,0.5075000077486038,-0.48000000417232513,-0.125,0.14999999105930328,2.72524751026513e-16,-0.9887283444404602,-0.3754069209098816,-0.5150629281997681,-1.2938213348388672,-4.879094123840332,-0.9008039236068726,0.0,0.0,0.0,0.0,0.0,0.0,0.0
10.3976,2,0,-0.20000000298023224,-0.3199999928474426,-3.040822801891885e-13,-0.02500000037252903,-0.3499999940395355,-1.0299999713897705,0.23999999463558197,-0.15000000223517418,0.14000001549720764,0.05000000074475398,0.2725000139325857,-0.48999999463558197,-0.12999999523162842,0.12999999523162842,2.72524751026513e-16,-0.9887283444404602,-0.3754069209098816,-0.5150629281997681,-1.2938213348388672,-4.879094123840332,-0.9008039236068726,0.0,0.0,0.0,0.0,0.0,0.0,0.0
10.4177,2,0,-0.20000000298023224,-0.3199999928474426,-3.040822801891885e-13,-0.02500000037252903,-0.3499999940395355,-1.0299999713897705,0.23999999463558197,-0.15000000223517418,0.14000001549720764,0.05000000074475398,0.2725000139325857,-0.48999999463558197,-0.12999999523162842,0.12999999523162842,2.72524751026513e-16,-0.9887283444404602,-0.3754069209098816,-0.5150629281997681,-1.2938213348388672,-4.879094123840332,-0.9008039236068726,0.0,0.0,0.0,0.0,0.0,0.0,0.0
10.4379,2,0,-0.20000000298023224,-0.3199999928474426,-3.040822801891885e-13,-0.02500000037252903,-0.3499999940395355,-1.0299999713897705,0.23999999463558197,-0.15000000223517418,0.14000001549720764,0.05000000074475398,0.2725000139325857,-0.48999999463558197,-0.12999999523162842,0.12999999523162842,2.72524751026513e-16,-0.9887283444404602,-0.3754069209098816,-0.5150629281997681,-1.2938213348388672,-4.879094123840332,-0.9008039236068726,0.0,0.0,0.0,0.0,0.0,0.0,0.0
10.4580,2,0,-0.20000000298023224,-0.3199999928474426,-3.040822801891885e-13,-0.02500000037252903,-0.3499999940395355,-1.0299999713897705,0.23999999463558197,-0.15000000223517418,0.14000001549720764,0.05000000074475398,0.2725000139325857,-0.48999999463558197,-0.12999999523162842,0.12999999523162842,2.72524751026513e-16,-0.9887283444404602,-0.3754069209098816,-0.5150629281997681,-1.2938213348388672,-4.879094123840332,-0.9008039236068726,0.0,0.0,0.0,0.0,0.0,0.0,0.0
10.4783,2,0,-0.20000000298023224,-0.3199999928474426,-3.040822801891885e-13,-0.02500000037252903,-0.3499999940395355,-1.0299999713897705,0.23999999463558197,-0.15000000223517418,0.14000001549720764,0.05000000074475398,0.2725000139325857,-0.48999999463558197,-0.12999999523162842,0.12999999523162842,2.72524751026513e-16,-0.9887283444404602,-0.3754069209098816,-0.5150629281997681,-1.2938213348388672,-4.879094123840332,-0.9008039236068726,0.0,0.0,0.0,0.0,0.0,0.0,0.0
10.4985,2,0,-0.20000000298023224,-0.3199999928474426,-3.040822801891885e-13,-0.02500000037252903,-0.3499999940395355,-1.0299999713897705,0.23999999463558197,-0.15000000223517418,0.14000001549720764,0.05000000074475398,0.2725000139325857,-0.48999999463558197,-0.12999999523162842,0.12999999523162842,2.72524751026513e-16,-0.9887283444404602,-0.3754069209098816,-0.5150629281997681,-1.2938213348388672,-4.879094123840332,-0.9008039236068726,0.0,0.0,0.0,0.0,0.0,0.0,0.0
10.5186,2,0,-0.20000000298023224,-0.3199999928474426,-3.040822801891885e-13,-0.02500000037252903,-0.3499999940395355,-1.0299999713897705,0.23999999463558197,-0.15000000223517418,0.14000001549720764,0.05000000074475398,0.2725000139325857,-0.48999999463558197,-0.12999999523162842,0.12999999523162842,2.72524751026513e-16,-0.9887283444404602,-0.3754069209098816,-0.5150629281997681,-1.2938213348388672,-4.879094123840332,-0.9008039236068726,0.0,0.0,0.0,0.0,0.0,0.0,0.0
10.5389,2,0,-0.20000000298023224,-0.3199999928474426,-3.040822801891885e-13,-0.02500000037252903,-0.3499999940395355,-1.0299999713897705,0.23999999463558197,-0.15000000223517418,0.14000001549720764,0.05000000074475398,0.2725000139325857,-0.48999999463558197,-0.12999999523162842,0.12999999523162842,2.72524751026513e-16,-0.9887283444404602,-0.3754069209098816,-0.5150629281997681,-1.2938213348388672,-4.879094123840332,-0.9008039236068726,0.0,0.0,0.0,0.0,0.0,0.0,0.0
10.5591,2,0,-0.20000000298023224,-0.3199999928474426,-3.040822801891885e-13,-0.02500000037252903,-0.3499999940395355,-1.0299999713897705,0.23999999463558197,-0.15000000223517418,0.14000001549720764,0.05000000074475398,0.2725000139325857,-0.48999999463558197,-0.12999999523162842,0.12999999523162842,2.72524751026513e-16,-0.9887283444404602,-0.3754069209098816,-0.5150629281997681,-1.2938213348388672,-4.879094123840332,-0.9008039236068726,0.0,0.0,0.0,0.0,0.0,0.0,0.0
10.5794,2,0,-0.20250000059604645,-0.30250000953674316,-0.009999999776482582,-0.5325000286102295,-0.3700000047683716,-1.0299999713897705,0.20999999344348907,-0.1524999998509884,0.1574999988079071,0.04000000096857548,-0.23500001430511475,-0.510000005364418,-0.12999999523162842,0.09999999403953552,2.72524751026513e-16,-0.9887283444404602,-0.3754069209098816,-0.5150629281997681,-1.2938213348388672,-4.879094123840332,-0.9008039236068726,0.0,0.0,0.0,0.0,0.0,0.0,0.0
10.5996,2,0,-0.20250000059604645,-0.30250000953674316,-0.009999999776482582,-0.5325000286102295,-0.3700000047683716,-1.0299999713897705,0.20999999344348907,-0.1524999998509884,0.1574999988079071,0.04000000096857548,-0.23500001430511475,-0.510000005364418,-0.12999999523162842,0.09999999403953552,2.72524751026513e-16,-0.9887283444404602,-0.3754069209098816,-0.5150629281997681,-1.2938213348388672,-4.879094123840332,-0.9008039236068726,0.0,0.0,0.0,0.0,0.0,0.0,0.0
10.6198,2,0,-0.20250000059604645,-0.30250000953674316,-0.009999999776482582,-0.5325000286102295,-0.3700000047683716,-1.0299999713897705,0.20999999344348907,-0.1524999998509884,0.1574999988079071,0.04000000096857548,-0.23500001430511475,-0.510000005364418,-0.12999999523162842,0.09999999403953552,2.72524751026513e-16,-0.9887283444404602,-0.3754069209098816,-0.5150629281997681,-1.2938213348388672,-4.879094123840332,-0.9008039236068726,0.0,0.0,0.0,0.0,0.0,0.0,0.0
10.6399,2,0,-0.20250000059604645,-0.30250000953674316,-0.009999999776482582,-0.5325000286102295,-0.3700000047683716,-1.0299999713897705,0.20999999344348907,-0.1524999998509884,0.1574999988079071,0.04000000096857548,-0.23500001430511475,-0.510000005364418,-0.12999999523162842,0.09999999403953552,2.72524751026513e-16,-0.9887283444404602,-0.3754069209098816,-0.5150629281997681,-1.2938213348388672,-4.879094123840332,-0.9008039236068726,0.0,0.0,0.0,0.0,0.0,0.0,0.0
10.6600,2,0,-0.20250000059604645,-0.30250000953674316,-0.009999999776482582,-0.5325000286102295,-0.3700000047683716,-1.0299999713897705,0.20999999344348907,-0.1524999998509884,0.1574999988079071,0.04000000096857548,-0.23500001430511475,-0.510000005364418,-0.12999999523162842,0.09999999403953552,2.72524751026513e-16,-0.9887283444404602,-0.3754069209098816,-0.5150629281997681,-1.2938213348388672,-4.879094123840332,-0.9008039236068726,0.0,0.0,0.0,0.0,0.0,0.0,0.0
10.6802,2,0,-0.20250000059604645,-0.30250000953674316,-0.009999999776482582,-0.5325000286102295,-0.3700000047683716,-1.0299999713897705,0.20999999344348907,-0.1524999998509884,0.1574999988079071,0.04000000096857548,-0.23500001430511475,-0.510000005364418,-0.12999999523162842,0.09999999403953552,2.72524751026513e-16,-0.9887283444404602,-0.3754069209098816,-0.5150629281997681,-1.2938213348388672,-4.879094123840332,-0.9008039236068726,0.0,0.0,0.0,0.0,0.0,0.0,0.0
10.7004,2,0,-0.20250000059604645,-0.30250000953674316,-0.009999999776482582,-0.5325000286102295,-0.3700000047683716,-1.0299999713897705,0.20999999344348907,-0.1524999998509884,0.1574999988079071,0.04000000096857548,-0.23500001430511475,-0.510000005364418,-0.12999999523162842,0.09999999403953552,2.72524751026513e-16,-0.9887283444404602,-0.3754069209098816,-0.5150629281997681,-1.2938213348388672,-4.879094123840332,-0.9008039236068726,0.0,0.0,0.0,0.0,0.0,0.0,0.0
10.7205,2,0,-0.20250000059604645,-0.30250000953674316,-0.009999999776482582,-0.5325000286102295,-0.3700000047683716,-1.0299999713897705,0.20999999344348907,-0.1524999998509884,0.1574999988079071,0.04000000096857548,-0.23500001430511475,-0.510000005364418,-0.12999999523162842,0.09999999403953552,2.72524751026513e-16,-0.9887283444404602,-0.3754069209098816,-0.5150629281997681,-1.2938213348388672,-4.879094123840332,-0.9008039236068726,0.0,0.0,0.0,0.0,0.0,0.0,0.0
10.7407,2,0,-0.20250000059604645,-0.30250000953674316,-0.009999999776482582,-0.5325000286102295,-0.3700000047683716,-1.0299999713897705,0.20999999344348907,-0.1524999998509884,0.1574999988079071,0.04000000096857548,-0.23500001430511475,-0.510000005364418,-0.12999999523162842,0.09999999403953552,2.72524751026513e-16,-0.9887283444404602,-0.3754069209098816,-0.5150629281997681,-1.2938213348388672,-4.879094123840332,-0.9008039236068726,0.0,0.0,0.0,0.0,0.0,0.0,0.0
10.7608,2,0,-0.20250000059604645,-0.30250000953674316,-0.009999999776482582,-0.5325000286102295,-0.3700000047683716,-1.0299999713897705,0.20999999344348907,-0.1524999998509884,0.1574999988079071,0.04000000096857548,-0.23500001430511475,-0.510000005364418,-0.12999999523162842,0.09999999403953552,2.72524751026513e-16,-0.9887283444404602,-0.3754069209098816,-0.5150629281997681,-1.2938213348388672,-4.879094123840332,-0.9008039236068726,0.0,0.0,0.0,0.0,0.0,0.0,0.0
10.7809,2,0,-0.20499999821186066,-0.30000001192092896,-0.019999999552965164,-0.20999999344348907,-0.375,-1.0299999713897705,0.18000000715255737,-0.1549999974668026,0.1599999964237213,0.030000001192092896,0.08750002086162567,-0.5150000005960464,-0.12999999523162842,0.07000000774860382,2.72524751026513e-16,-0.9887283444404602,-0.3754069209098816,-0.5150629281997681,-1.2938213348388672,-4.879094123840332,-0.9008039236068726,0.0,0.0,0.0,0.0,0.0,0.0,0.0
10.8011,2,0,-0.20499999821186066,-0.30000001192092896,-0.019999999552965164,-0.20999999344348907,-0.375,-1.0299999713897705,0.18000000715255737,-0.1549999974668026,0.1599999964237213,0.030000001192092896,0.08750002086162567,-0.5150000005960464,-0.12999999523162842,0.07000000774860382,2.72524751026513e-16,-0.9887283444404602,-0.3754069209098816,-0.5150629281997681,-1.2938213348388672,-4.879094123840332,-0.9008039236068726,0.0,0.0,0.0,0.0,0.0,0.0,0.0
10.8212,2,0,-0.20499999821186066,-0.30000001192092896,-0.019999999552965164,-0.20999999344348907,-0.375,-1.0299999713897705,0.18000000715255737,-0.1549999974668026,0.1599999964237213,0.030000001192092896,0.08750002086162567,-0.5150000005960464,-0.12999999523162842,0.07000000774860382,2.72524751026513e-16,-0.9887283444404602,-0.3754069209098816,-0.5150629281997681,-1.2938213348388672,-4.879094123840332,-0.9008039236068726,0.0,0.0,0.0,0.0,0.0,0.0,0.0
10.8413,2,0,-0.20499999821186066,-0.30000001192092896,-0.019999999552965164,-0.20999999344348907,-0.375,-1.0299999713897705,0.18000000715255737,-0.1549999974668026,0.1599999964237213,0.030000001192092896,0.08750002086162567,-0.5150000005960464,-0.12999999523162842,0.07000000774860382,2.72524751026513e-16,-0.9887283444404602,-0.3754069209098816,-0.5150629281997681,-1.2938213348388672,-4.879094123840332,-0.9008039236068726,0.0,0.0,0.0,0.0,0.0,0.0,0.0
10.8614,2,0,-0.20499999821186066,-0.30000001192092896,-0.019999999552965164,-0.20999999344348907,-0.375,-1.0299999713897705,0.18000000715255737,-0.1549999974668026,0.1599999964237213,0.030000001192092896,0.08750002086162567,-0.5150000005960464,-0.12999999523162842,0.07000000774860382,2.72524751026513e-16,-0.9887283444404602,-0.3754069209098816,-0.5150629281997681,-1.2938213348388672,-4.879094123840332,-0.9008039236068726,0.0,0.0,0.0,0.0,0.0,0.0,0.0
10.8815,2,0,-0.20499999821186066,-0.30000001192092896,-0.019999999552965164,-0.20999999344348907,-0.375,-1.0299999713897705,0.18000000715255737,-0.1549999974668026,0.1599999964237213,0.030000001192092896,0.08750002086162567,-0.5150000005960464,-0.12999999523162842,0.07000000774860382,2.72524751026513e-16,-0.9887283444404602,-0.3754069209098816,-0.5150629281997681,-1.2938213348388672,-4.879094123840332,-0.9008039236068726,0.0,0.0,0.0,0.0,0.0,0.0,0.0
10.9017,2,0,-0.20499999821186066,-0.30000001192092896,-0.019999999552965164,-0.20999999344348907,-0.375,-1.0299999713897705,0.18000000715255737,-0.1549999974668026,0.1599999964237213,0.030000001192092896,0.08750002086162567,-0.5150000005960464,-0.12999999523162842,0.07000000774860382,2.72524751026513e-16,-0.9887283444404602,-0.3754069209098816,-0.5150629281997681,-1.2938213348388672,-4.879094123840332,-0.9008039236068726,0.0,0.0,0.0,0.0,0.0,0.0,0.0
10.9219,2,0,-0.20499999821186066,-0.30000001192092896,-0.019999999552965164,-0.20999999344348907,-0.375,-1.0299999713897705,0.18000000715255737,-0.1549999974668026,0.1599999964237213,0.030000001192092896,0.08750002086162567,-0.5150000005960464,-0.12999999523162842,0.07000000774860382,2.72524751026513e-16,-0.9887283444404602,-0.3754069209098816,-0.5150629281997681,-1.2938213348388672,-4.879094123840332,-0.9008039236068726,0.0,0.0,0.0,0.0,0.0,0.0,0.0
10.9420,2,0,-0.20499999821186066,-0.30000001192092896,-0.019999999552965164,-0.20999999344348907,-0.375,-1.0299999713897705,0.18000000715255737,-0.1549999974668026,0.1599999964237213,0.030000001192092896,0.08750002086162567,-0.5150000005960464,-0.12999999523162842,0.07000000774860382,2.72524751026513e-16,-0.9887283444404602,-0.3754069209098816,-0.5150629281997681,-1.2938213348388672,-4.879094123840332,-0.9008039236068726,0.0,0.0,0.0,0.0,0.0,0.0,0.0
10.9621,2,0,-0.20499999821186066,-0.30000001192092896,-0.019999999552965164,-0.20999999344348907,-0.375,-1.0299999713897705,0.18000000715255737,-0.1549999974668026,0.1599999964237213,0.030000001192092896,0.08750002086162567,-0.5150000005960464,-0.12999999523162842,0.07000000774860382,2.72524751026513e-16,-0.9887283444404602,-0.3754069209098816,-0.5150629281997681,-1.2938213348388672,-4.879094123840332,-0.9008039236068726,0.0,0.0,0.0,0.0,0.0,0.0,0.0
10.9822,2,0,-0.20749999582767487,-0.28999999165534973,-0.032499998807907104,0.18000000715255737,-0.38999998569488525,-1.0399999618530273,0.14499999582767487,-0.1574999950826168,0.17000001668930054,0.017500001937150955,0.4775000214576721,-0.5299999862909317,-0.13999998569488525,0.034999996423721313,2.72524751026513e-16,-0.9887283444404602,-0.3754069209098816,-0.5150629281997681,-1.2938213348388672,-4.879094123840332,-0.9008039236068726,0.0,0.0,0.0,0.0,0.0,0.0,0.0
11.0023,2,0,-0.20749999582767487,-0.28999999165534973,-0.032499998807907104,0.18000000715255737,-0.38999998569488525,-1.0399999618530273,0.14499999582767487,-0.1574999950826168,0.17000001668930054,0.017500001937150955,0.4775000214576721,-0.5299999862909317,-0.13999998569488525,0.034999996423721313,2.72524751026513e-16,-0.9887283444404602,-0.3754069209098816,-0.5150629281997681,-1.2938213348388672,-4.879094123840332,-0.9008039236068726,0.0,0.0,0.0,0.0,0.0,0.0,0.0
11.0224,2,0,-0.20749999582767487,-0.28999999165534973,-0.032499998807907104,0.18000000715255737,-0.38999998569488525,-1.0399999618530273,0.14499999582767487,-0.1574999950826168,0.17000001668930054,0.017500001937150955,0.4775000214576721,-0.5299999862909317,-0.13999998569488525,0.034999996423721313,2.72524751026513e-16,-0.9887283444404602,-0.3754069209098816,-0.5150629281997681,-1.2938213348388672,-4.879094123840332,-0.9008039236068726,0.0,0.0,0.0,0.0,0.0,0.0,0.0
11.0425,2,0,-0.20749999582767487,-0.28999999165534973,-0.032499998807907104,0.18000000715255737,-0.38999998569488525,-1.0399999618530273,0.14499999582767487,-0.1574999950826168,0.17000001668930054,0.017500001937150955,0.4775000214576721,-0.5299999862909317,-0.13999998569488525,0.034999996423721313,2.72524751026513e-16,-0.9887283444404602,-0.3754069209098816,-0.5150629281997681,-1.2938213348388672,-4.879094123840332,-0.9008039236068726,0.0,0.0,0.0,0.0,0.0,0.0,0.0
11.0626,2,0,-0.20749999582767487,-0.28999999165534973,-0.032499998807907104,0.18000000715255737,-0.38999998569488525,-1.0399999618530273,0.14499999582767487,-0.1574999950826168,0.17000001668930054,0.017500001937150955,0.4775000214576721,-0.5299999862909317,-0.13999998569488525,0.034999996423721313,2.72524751026513e-16,-0.9887283444404602,-0.3754069209098816,-0.5150629281997681,-1.2938213348388672,-4.879094123840332,-0.9008039236068726,0.0,0.0,0.0,0.0,0.0,0.0,0.0
11.0828,2,0,-0.20749999582767487,-0.28999999165534973,-0.032499998807907104,0.18000000715255737,-0.38999998569488525,-1.0399999618530273,0.14499999582767487,-0.1574999950826168,0.17000001668930054,0.017500001937150955,0.4775000214576721,-0.5299999862909317,-0.13999998569488525,0.034999996423721313,2.72524751026513e-16,-0.9887283444404602,-0.3754069209098816,-0.5150629281997681,-1.2938213348388672,-4.879094123840332,-0.9008039236068726,0.0,0.0,0.0,0.0,0.0,0.0,0.0
11.1030,2,0,-0.20749999582767487,-0.28999999165534973,-0.032499998807907104,0.18000000715255737,-0.38999998569488525,-1.0399999618530273,0.14499999582767487,-0.1574999950826168,0.17000001668930054,0.017500001937150955,0.4775000214576721,-0.5299999862909317,-0.13999998569488525,0.034999996423721313,2.72524751026513e-16,-0.9887283444404602,-0.3754069209098816,-0.5150629281997681,-1.2938213348388672,-4.879094123840332,-0.9008039236068726,0.0,0.0,0.0,0.0,0.0,0.0,0.0
11.1231,2,0,-0.20749999582767487,-0.28999999165534973,-0.032499998807907104,0.18000000715255737,-0.38999998569488525,-1.0399999618530273,0.14499999582767487,-0.1574999950826168,0.17000001668930054,0.017500001937150955,0.4775000214576721,-0.5299999862909317,-0.13999998569488525,0.034999996423721313,2.72524751026513e-16,-0.9887283444404602,-0.3754069209098816,-0.5150629281997681,-1.2938213348388672,-4.879094123840332,-0.9008039236068726,0.0,0.0,0.0,0.0,0.0,0.0,0.0
11.1433,2,0,-0.20749999582767487,-0.28999999165534973,-0.032499998807907104,0.18000000715255737,-0.38999998569488525,-1.0399999618530273,0.14499999582767487,-0.1574999950826168,0.17000001668930054,0.017500001937150955,0.4775000214576721,-0.5299999862909317,-0.13999998569488525,0.034999996423721313,2.72524751026513e-16,-0.9887283444404602,-0.3754069209098816,-0.5150629281997681,-1.2938213348388672,-4.879094123840332,-0.9008039236068726,0.0,0.0,0.0,0.0,0.0,0.0,0.0
11.1634,2,0,-0.20749999582767487,-0.28999999165534973,-0.032499998807907104,0.18000000715255737,-0.38999998569488525,-1.0399999618530273,0.14499999582767487,-0.1574999950826168,0.17000001668930054,0.017500001937150955,0.4775000214576721,-0.5299999862909317,-0.13999998569488525,0.034999996423721313,2.72524751026513e-16,-0.9887283444404602,-0.3754069209098816,-0.5150629281997681,-1.2938213348388672,-4.879094123840332,-0.9008039236068726,0.0,0.0,0.0,0.0,0.0,0.0,0.0
11.1836,2,0,-0.20999999344348907,-0.2874999940395355,-0.05000000074505806,0.5625,-0.38999998569488525,-1.0399999618530273,0.11999999731779099,-0.15999999269843102,0.17250001430511475,0.0,0.8600000143051147,-0.5299999862909317,-0.13999998569488525,0.009999997913837433,2.72524751026513e-16,-0.9887283444404602,-0.3754069209098816,-0.5150629281997681,-1.2938213348388672,-4.879094123840332,-0.9008039236068726,0.0,0.0,0.0,0.0,0.0,0.0,0.0
11.2037,2,0,-0.20999999344348907,-0.2874999940395355,-0.05000000074505806,0.5625,-0.38999998569488525,-1.0399999618530273,0.11999999731779099,-0.15999999269843102,0.17250001430511475,0.0,0.8600000143051147,-0.5299999862909317,-0.13999998569488525,0.009999997913837433,2.72524751026513e-16,-0.9887283444404602,-0.3754069209098816,-0.5150629281997681,-1.2938213348388672,-4.879094123840332,-0.9008039236068726,0.0,0.0,0.0,0.0,0.0,0.0,0.0
11.2238,2,0,-0.20999999344348907,-0.2874999940395355,-0.05000000074505806,0.5625,-0.38999998569488525,-1.0399999618530273,0.11999999731779099,-0.15999999269843102,0.17250001430511475,0.0,0.8600000143051147,-0.5299999862909317,-0.13999998569488525,0.009999997913837433,2.72524751026513e-16,-0.9887283444404602,-0.3754069209098816,-0.5150629281997681,-1.2938213348388672,-4.879094123840332,-0.9008039236068726,0.0,0.0,0.0,0.0,0.0,0.0,0.0
11.2439,2,0,-0.20999999344348907,-0.2874999940395355,-0.05000000074505806,0.5625,-0.38999998569488525,-1.0399999618530273,0.11999999731779099,-0.15999999269843102,0.17250001430511475,0.0,0.8600000143051147,-0.5299999862909317,-0.13999998569488525,0.009999997913837433,2.72524751026513e-16,-0.9887283444404602,-0.3754069209098816,-0.5150629281997681,-1.2938213348388672,-4.879094123840332,-0.9008039236068726,0.0,0.0,0.0,0.0,0.0,0.0,0.0
11.2640,2,0,-0.20999999344348907,-0.2874999940395355,-0.05000000074505806,0.5625,-0.38999998569488525,-1.0399999618530273,0.11999999731779099,-0.15999999269843102,0.17250001430511475,0.0,0.8600000143051147,-0.5299999862909317,-0.13999998569488525,0.009999997913837433,2.72524751026513e-16,-0.9887283444404602,-0.3754069209098816,-0.5150629281997681,-1.2938213348388672,-4.879094123840332,-0.9008039236068726,0.0,0.0,0.0,0.0,0.0,0.0,0.0
11.2841,2,0,-0.20999999344348907,-0.2874999940395355,-0.05000000074505806,0.5625,-0.38999998569488525,-1.0399999618530273,0.11999999731779099,-0.15999999269843102,0.17250001430511475,0.0,0.8600000143051147,-0.5299999862909317,-0.13999998569488525,0.009999997913837433,2.72524751026513e-16,-0.9887283444404602,-0.3754069209098816,-0.5150629281997681,-1.2938213348388672,-4.879094123840332,-0.9008039236068726,0.0,0.0,0.0,0.0,0.0,0.0,0.0
11.3043,2,0,-0.20999999344348907,-0.2874999940395355,-0.05000000074505806,0.5625,-0.38999998569488525,-1.0399999618530273,0.11999999731779099,-0.15999999269843102,0.17250001430511475,0.0,0.8600000143051147,-0.5299999862909317,-0.13999998569488525,0.009999997913837433,2.72524751026513e-16,-0.9887283444404602,-0.3754069209098816,-0.5150629281997681,-1.2938213348388672,-4.879094123840332,-0.9008039236068726,0.0,0.0,0.0,0.0,0.0,0.0,0.0
11.3245,2,0,-0.20999999344348907,-0.2874999940395355,-0.05000000074505806,0.5625,-0.38999998569488525,-1.0399999618530273,0.11999999731779099,-0.15999999269843102,0.17250001430511475,0.0,0.8600000143051147,-0.5299999862909317,-0.13999998569488525,0.009999997913837433,2.72524751026513e-16,-0.9887283444404602,-0.3754069209098816,-0.5150629281997681,-1.2938213348388672,-4.879094123840332,-0.9008039236068726,0.0,0.0,0.0,0.0,0.0,0.0,0.0
11.3446,2,0,-0.20999999344348907,-0.2874999940395355,-0.05000000074505806,0.5625,-0.38999998569488525,-1.0399999618530273,0.11999999731779099,-0.15999999269843102,0.17250001430511475,0.0,0.8600000143051147,-0.5299999862909317,-0.13999998569488525,0.009999997913837433,2.72524751026513e-16,-0.9887283444404602,-0.3754069209098816,-0.5150629281997681,-1.2938213348388672,-4.879094123840332,-0.9008039236068726,0.0,0.0,0.0,0.0,0.0,0.0,0.0
11.3647,2,0,-0.20999999344348907,-0.2874999940395355,-0.05000000074505806,0.5625,-0.38999998569488525,-1.0399999618530273,0.11999999731779099,-0.15999999269843102,0.17250001430511475,0.0,0.8600000143051147,-0.5299999862909317,-0.13999998569488525,0.009999997913837433,2.72524751026513e-16,-0.9887283444404602,-0.3754069209098816,-0.5150629281997681,-1.2938213348388672,-4.879094123840332,-0.9008039236068726,0.0,0.0,0.0,0.0,0.0,0.0,0.0
11.3850,2,0,-0.20999999344348907,-0.2775000035762787,-0.05999999865889549,0.1525000035762787,-0.4099999964237213,-1.0399999618530273,0.09000000357627869,-0.15999999269843102,0.18250000476837158,-0.009999997913837433,0.45000001788139343,-0.5499999970197678,-0.13999998569488525,-0.019999995827674866,2.72524751026513e-16,-0.9887283444404602,-0.3754069209098816,-0.5150629281997681,-1.2938213348388672,-4.879094123840332,-0.9008039236068726,0.0,0.0,0.0,0.0,0.0,0.0,0.0
11.4051,2,0,-0.20999999344348907,-0.2775000035762787,-0.05999999865889549,0.1525000035762787,-0.4099999964237213,-1.0399999618530273,0.09000000357627869,-0.15999999269843102,0.18250000476837158,-0.009999997913837433,0.45000001788139343,-0.5499999970197678,-0.13999998569488525,-0.019999995827674866,2.72524751026513e-16,-0.9887283444404602,-0.3754069209098816,-0.5150629281997681,-1.2938213348388672,-4.879094123840332,-0.9008039236068726,0.0,0.0,0.0,0.0,0.0,0.0,0.0
11.4252,2,0,-0.20999999344348907,-0.2775000035762787,-0.05999999865889549,0.1525000035762787,-0.4099999964237213,-1.0399999618530273,0.09000000357627869,-0.15999999269843102,0.18250000476837158,-0.009999997913837433,0.45000001788139343,-0.5499999970197678,-0.13999998569488525,-0.019999995827674866,2.72524751026513e-16,-0.9887283444404602,-0.3754069209098816,-0.5150629281997681,-1.2938213348388672,-4.879094123840332,-0.9008039236068726,0.0,0.0,0.0,0.0,0.0,0.0,0.0
11.4453,2,0,-0.20999999344348907,-0.2775000035762787,-0.05999999865889549,0.1525000035762787,-0.4099999964237213,-1.0399999618530273,0.09000000357627869,-0.15999999269843102,0.18250000476837158,-0.009999997913837433,0.45000001788139343,-0.5499999970197678,-0.13999998569488525,-0.019999995827674866,2.72524751026513e-16,-0.9887283444404602,-0.3754069209098816,-0.5150629281997681,-1.2938213348388672,-4.879094123840332,-0.9008039236068726,0.0,0.0,0.0,0.0,0.0,0.0,0.0
11.4654,2,0,-0.20999999344348907,-0.2775000035762787,-0.05999999865889549,0.1525000035762787,-0.4099999964237213,-1.0399999618530273,0.09000000357627869,-0.15999999269843102,0.18250000476837158,-0.009999997913837433,0.45000001788139343,-0.5499999970197678,-0.13999998569488525,-0.019999995827674866,2.72524751026513e-16,-0.9887283444404602,-0.3754069209098816,-0.5150629281997681,-1.2938213348388672,-4.879094123840332,-0.9008039236068726,0.0,0.0,0.0,0.0,0.0,0.0,0.0
11.4856,2,0,-0.20999999344348907,-0.2775000035762787,-0.05999999865889549,0.1525000035762787,-0.4099999964237213,-1.0399999618530273,0.09000000357627869,-0.15999999269843102,0.18250000476837158,-0.009999997913837433,0.45000001788139343,-0.5499999970197678,-0.13999998569488525,-0.019999995827674866,2.72524751026513e-16,-0.9887283444404602,-0.3754069209098816,-0.5150629281997681,-1.2938213348388672,-4.879094123840332,-0.9008039236068726,0.0,0.0,0.0,0.0,0.0,0.0,0.0
11.5058,2,0,-0.20999999344348907,-0.2775000035762787,-0.05999999865889549,0.1525000035762787,-0.4099999964237213,-1.0399999618530273,0.09000000357627869,-0.15999999269843102,0.18250000476837158,-0.009999997913837433,0.45000001788139343,-0.5499999970197678,-0.13999998569488525,-0.019999995827674866,2.72524751026513e-16,-0.9887283444404602,-0.3754069209098816,-0.5150629281997681,-1.2938213348388672,-4.879094123840332,-0.9008039236068726,0.0,0.0,0.0,0.0,0.0,0.0,0.0
11.5259,2,0,-0.20999999344348907,-0.2775000035762787,-0.05999999865889549,0.1525000035762787,-0.4099999964237213,-1.0399999618530273,0.09000000357627869,-0.15999999269843102,0.18250000476837158,-0.009999997913837433,0.45000001788139343,-0.5499999970197678,-0.13999998569488525,-0.019999995827674866,2.72524751026513e-16,-0.9887283444404602,-0.3754069209098816,-0.5150629281997681,-1.2938213348388672,-4.879094123840332,-0.9008039236068726,0.0,0.0,0.0,0.0,0.0,0.0,0.0
11.5461,2,0,-0.20999999344348907,-0.2775000035762787,-0.05999999865889549,0.1525000035762787,-0.4099999964237213,-1.0399999618530273,0.09000000357627869,-0.15999999269843102,0.18250000476837158,-0.009999997913837433,0.45000001788139343,-0.5499999970197678,-0.13999998569488525,-0.019999995827674866,2.72524751026513e-16,-0.9887283444404602,-0.3754069209098816,-0.5150629281997681,-1.2938213348388672,-4.879094123840332,-0.9008039236068726,0.0,0.0,0.0,0.0,0.0,0.0,0.0
11.5662,2,0,-0.20999999344348907,-0.2775000035762787,-0.05999999865889549,0.1525000035762787,-0.4099999964237213,-1.0399999618530273,0.09000000357627869,-0.15999999269843102,0.18250000476837158,-0.009999997913837433,0.45000001788139343,-0.5499999970197678,-0.13999998569488525,-0.019999995827674866,2.72524751026513e-16,-0.9887283444404602,-0.3754069209098816,-0.5150629281997681,-1.2938213348388672,-4.879094123840332,-0.9008039236068726,0.0,0.0,0.0,0.0,0.0,0.0,0.0
11.5863,2,0,-0.2199999988079071,-0.27000001072883606,-0.07500000298023224,-0.38499999046325684,-0.4124999940395355,-1.0399999618530273,0.05249999836087227,-0.16999999806284904,0.1899999976158142,-0.02500000223517418,-0.08749997615814209,-0.552499994635582,-0.13999998569488525,-0.057500001043081284,2.72524751026513e-16,-0.9887283444404602,-0.3754069209098816,-0.5150629281997681,-1.2938213348388672,-4.879094123840332,-0.9008039236068726,0.0,0.0,0.0,0.0,0.0,0.0,0.0
11.6064,2,0,-0.2199999988079071,-0.27000001072883606,-0.07500000298023224,-0.38499999046325684,-0.4124999940395355,-1.0399999618530273,0.05249999836087227,-0.16999999806284904,0.1899999976158142,-0.02500000223517418,-0.08749997615814209,-0.552499994635582,-0.13999998569488525,-0.057500001043081284,2.72524751026513e-16,-0.9887283444404602,-0.3754069209098816,-0.5150629281997681,-1.2938213348388672,-4.879094123840332,-0.9008039236068726,0.0,0.0,0.0,0.0,0.0,0.0,0.0
11.6265,2,0,-0.2199999988079071,-0.27000001072883606,-0.07500000298023224,-0.38499999046325684,-0.4124999940395355,-1.0399999618530273,0.05249999836087227,-0.16999999806284904,0.1899999976158142,-0.02500000223517418,-0.08749997615814209,-0.552499994635582,-0.13999998569488525,-0.057500001043081284,2.72524751026513e-16,-0.9887283444404602,-0.3754069209098816,-0.5150629281997681,-1.2938213348388672,-4.879094123840332,-0.9008039236068726,0.0,0.0,0.0,0.0,0.0,0.0,0.0
11.6468,2,0,-0.2199999988079071,-0.27000001072883606,-0.07500000298023224,-0.38499999046325684,-0.4124999940395355,-1.0399999618530273,0.05249999836087227,-0.16999999806284904,0.1899999976158142,-0.02500000223517418,-0.08749997615814209,-0.552499994635582,-0.13999998569488525,-0.057500001043081284,2.72524751026513e-16,-0.9887283444404602,-0.3754069209098816,-0.5150629281997681,-1.2938213348388672,-4.879094123840332,-0.9008039236068726,0.0,0.0,0.0,0.0,0.0,0.0,0.0
11.6669,2,0,-0.2199999988079071,-0.27000001072883606,-0.07500000298023224,-0.38499999046325684,-0.4124999940395355,-1.0399999618530273,0.05249999836087227,-0.16999999806284904,0.1899999976158142,-0.02500000223517418,-0.08749997615814209,-0.552499994635582,-0.13999998569488525,-0.057500001043081284,2.72524751026513e-16,-0.9887283444404602,-0.3754069209098816,-0.5150629281997681,-1.2938213348388672,-4.879094123840332,-0.9008039236068726,0.0,0.0,0.0,0.0,0.0,0.0,0.0
11.6870,2,0,-0.2199999988079071,-0.27000001072883606,-0.07500000298023224,-0.38499999046325684,-0.4124999940395355,-1.0399999618530273,0.05249999836087227,-0.16999999806284904,0.1899999976158142,-0.02500000223517418,-0.08749997615814209,-0.552499994635582,-0.13999998569488525,-0.057500001043081284,2.72524751026513e-16,-0.9887283444404602,-0.3754069209098816,-0.5150629281997681,-1.2938213348388672,-4.879094123840332,-0.9008039236068726,0.0,0.0,0.0,0.0,0.0,0.0,0.0
11.7073,2,0,-0.2199999988079071,-0.27000001072883606,-0.07500000298023224,-0.38499999046325684,-0.4124999940395355,-1.0399999618530273,0.05249999836087227,-0.16999999806284904,0.1899999976158142,-0.02500000223517418,-0.08749997615814209,-0.552499994635582,-0.13999998569488525,-0.057500001043081284,2.72524751026513e-16,-0.9887283444404602,-0.3754069209098816,-0.5150629281997681,-1.2938213348388672,-4.879094123840332,-0.9008039236068726,0.0,0.0,0.0,0.0,0.0,0.0,0.0
11.7274,2,0,-0.2199999988079071,-0.27000001072883606,-0.07500000298023224,-0.38499999046325684,-0.4124999940395355,-1.0399999618530273,0.05249999836087227,-0.16999999806284904,0.1899999976158142,-0.02500000223517418,-0.08749997615814209,-0.552499994635582,-0.13999998569488525,-0.057500001043081284,2.72524751026513e-16,-0.9887283444404602,-0.3754069209098816,-0.5150629281997681,-1.2938213348388672,-4.879094123840332,-0.9008039236068726,0.0,0.0,0.0,0.0,0.0,0.0,0.0
11.7475,2,0,-0.2199999988079071,-0.27000001072883606,-0.07500000298023224,-0.38499999046325684,-0.4124999940395355,-1.0399999618530273,0.05249999836087227,-0.16999999806284904,0.1899999976158142,-0.02500000223517418,-0.08749997615814209,-0.552499994635582,-0.13999998569488525,-0.057500001043081284,2.72524751026513e-16,-0.9887283444404602,-0.3754069209098816,-0.5150629281997681,-1.2938213348388672,-4.879094123840332,-0.9008039236068726,0.0,0.0,0.0,0.0,0.0,0.0,0.0
11.7677,2,0,-0.2199999988079071,-0.27000001072883606,-0.07500000298023224,-0.38499999046325684,-0.4124999940395355,-1.0399999618530273,0.05249999836087227,-0.16999999806284904,0.1899999976158142,-0.02500000223517418,-0.08749997615814209,-0.552499994635582,-0.13999998569488525,-0.057500001043081284,2.72524751026513e-16,-0.9887283444404602,-0.3754069209098816,-0.5150629281997681,-1.2938213348388672,-4.879094123840332,-0.9008039236068726,0.0,0.0,0.0,0.0,0.0,0.0,0.0
11.7878,2,0,-0.2199999988079071,-0.26249998807907104,-0.08749999850988388,-0.41999998688697815,-0.4099999964237213,-1.0399999618530273,0.019999999552965164,-0.16999999806284904,0.19750002026557922,-0.03749999776482582,-0.1224999725818634,-0.5499999970197678,-0.13999998569488525,-0.08999999985098839,2.72524751026513e-16,-0.9887283444404602,-0.3754069209098816,-0.5150629281997681,-1.2938213348388672,-4.879094123840332,-0.9008039236068726,0.0,0.0,0.0,0.0,0.0,0.0,0.0
11.8080,2,0,-0.2199999988079071,-0.26249998807907104,-0.08749999850988388,-0.41999998688697815,-0.4099999964237213,-1.0399999618530273,0.019999999552965164,-0.16999999806284904,0.19750002026557922,-0.03749999776482582,-0.1224999725818634,-0.5499999970197678,-0.13999998569488525,-0.08999999985098839,2.72524751026513e-16,-0.9887283444404602,-0.3754069209098816,-0.5150629281997681,-1.2938213348388672,-4.879094123840332,-0.9008039236068726,0.0,0.0,0.0,0.0,0.0,0.0,0.0
11.8281,2,0,-0.2199999988079071,-0.26249998807907104,-0.08749999850988388,-0.41999998688697815,-0.4099999964237213,-1.0399999618530273,0.019999999552965164,-0.16999999806284904,0.19750002026557922,-0.03749999776482582,-0.1224999725818634,-0.5499999970197678,-0.13999998569488525,-0.08999999985098839,2.72524751026513e-16,-0.9887283444404602,-0.3754069209098816,-0.5150629281997681,-1.2938213348388672,-4.879094123840332,-0.9008039236068726,0.0,0.0,0.0,0.0,0.0,0.0,0.0
11.8482,2,0,-0.2199999988079071,-0.26249998807907104,-0.08749999850988388,-0.41999998688697815,-0.4099999964237213,-1.0399999618530273,0.019999999552965164,-0.16999999806284904,0.19750002026557922,-0.03749999776482582,-0.1224999725818634,-0.5499999970197678,-0.13999998569488525,-0.08999999985098839,2.72524751026513e-16,-0.9887283444404602,-0.3754069209098816,-0.5150629281997681,-1.2938213348388672,-4.879094123840332,-0.9008039236068726,0.0,0.0,0.0,0.0,0.0,0.0,0.0
11.8683,2,0,-0.2199999988079071,-0.26249998807907104,-0.08749999850988388,-0.41999998688697815,-0.4099999964237213,-1.0399999618530273,0.019999999552965164,-0.16999999806284904,0.19750002026557922,-0.03749999776482582,-0.1224999725818634,-0.5499999970197678,-0.13999998569488525,-0.08999999985098839,2.72524751026513e-16,-0.9887283444404602,-0.3754069209098816,-0.5150629281997681,-1.2938213348388672,-4.879094123840332,-0.9008039236068726,0.0,0.0,0.0,0.0,0.0,0.0,0.0
11.8884,2,0,-0.2199999988079071,-0.26249998807907104,-0.08749999850988388,-0.41999998688697815,-0.4099999964237213,-1.0399999618530273,0.019999999552965164,-0.16999999806284904,0.19750002026557922,-0.03749999776482582,-0.1224999725818634,-0.5499999970197678,-0.13999998569488525,-0.08999999985098839,2.72524751026513e-16,-0.9887283444404602,-0.3754069209098816,-0.5150629281997681,-1.2938213348388672,-4.879094123840332,-0.9008039236068726,0.0,0.0,0.0,0.0,0.0,0.0,0.0
11.9086,2,0,-0.2199999988079071,-0.26249998807907104,-0.08749999850988388,-0.41999998688697815,-0.4099999964237213,-1.0399999618530273,0.019999999552965164,-0.16999999806284904,0.19750002026557922,-0.03749999776482582,-0.1224999725818634,-0.5499999970197678,-0.13999998569488525,-0.08999999985098839,2.72524751026513e-16,-0.9887283444404602,-0.3754069209098816,-0.5150629281997681,-1.2938213348388672,-4.879094123840332,-0.9008039236068726,0.0,0.0,0.0,0.0,0.0,0.0,0.0
11.9288,2,0,-0.2199999988079071,-0.26249998807907104,-0.08749999850988388,-0.41999998688697815,-0.4099999964237213,-1.0399999618530273,0.019999999552965164,-0.16999999806284904,0.19750002026557922,-0.03749999776482582,-0.1224999725818634,-0.5499999970197678,-0.13999998569488525,-0.08999999985098839,2.72524751026513e-16,-0.9887283444404602,-0.3754069209098816,-0.5150629281997681,-1.2938213348388672,-4.879094123840332,-0.9008039236068726,0.0,0.0,0.0,0.0,0.0,0.0,0.0
11.9490,2,0,-0.2199999988079071,-0.26249998807907104,-0.08749999850988388,-0.41999998688697815,-0.4099999964237213,-1.0399999618530273,0.019999999552965164,-0.16999999806284904,0.19750002026557922,-0.03749999776482582,-0.1224999725818634,-0.5499999970197678,-0.13999998569488525,-0.08999999985098839,2.72524751026513e-16,-0.9887283444404602,-0.3754069209098816,-0.5150629281997681,-1.2938213348388672,-4.879094123840332,-0.9008039236068726,0.0,0.0,0.0,0.0,0.0,0.0,0.0
11.9691,2,0,-0.2199999988079071,-0.26249998807907104,-0.08749999850988388,-0.41999998688697815,-0.4099999964237213,-1.0399999618530273,0.019999999552965164,-0.16999999806284904,0.19750002026557922,-0.03749999776482582,-0.1224999725818634,-0.5499999970197678,-0.13999998569488525,-0.08999999985098839,2.72524751026513e-16,-0.9887283444404602,-0.3754069209098816,-0.5150629281997681,-1.2938213348388672,-4.879094123840332,-0.9008039236068726,0.0,0.0,0.0,0.0,0.0,0.0,0.0
11.9892,2,0,-0.2199999988079071,-0.2524999976158142,-0.10000000149011612,-0.4925000071525574,-0.4099999964237213,-1.0399999618530273,3.65673637203745e-13,-0.16999999806284904,0.20750001072883606,-0.05000000074505806,-0.19499999284744263,-0.5499999970197678,-0.13999998569488525,-0.10999999940358787,2.72524751026513e-16,-0.9887283444404602,-0.3754069209098816,-0.5150629281997681,-1.2938213348388672,-4.879094123840332,-0.9008039236068726,0.0,0.0,0.0,0.0,0.0,0.0,0.0
