{
  "description": "Pivot calibration result. Rotation part is identity because fixed-point pivot calibration estimates translation only.",
  "euler_order": "xyz",
  "p_flange_tcp_mm": [
    -386.2534334075823,
    6.58362118874939,
    21.02340605098863
  ],
  "fixed_point_base_mm": [
    -230.36806104678118,
    -440.5935280519293,
    27.971269976266413
  ],
  "T_flange_tcp": [
    [
      1.0,
      0.0,
      0.0,
      -386.2534334075823
    ],
    [
      0.0,
      1.0,
      0.0,
      6.58362118874939
    ],
    [
      0.0,
      0.0,
      1.0,
      21.02340605098863
    ],
    [
      0.0,
      0.0,
      0.0,
      1.0
    ]
  ],
  "residuals_mm": [
    [
      -1.413623564610191,
      -0.19803609148777923,
      -0.24959629194883348
    ],
    [
      0.037460723658881534,
      -1.1894896150337217,
      -0.6248755623353333
    ],
    [
      -0.38197245246456646,
      -1.120225017284099,
      -2.2882170483695887
    ],
    [
      -1.763880775829648,
      0.4807843930774993,
      -1.1457379543610529
    ],
    [
      -1.9588958147356266,
      4.24859951613746,
      -1.562989987070992
    ],
    [
      0.2840431650279811,
      1.2526559747572037,
      -1.0169235707466981
    ],
    [
      1.6422964992962363,
      3.716455417588236,
      -2.2293508232778123
    ],
    [
      1.8302306306983382,
      2.91184423859022,
      -2.824283339523973
    ],
    [
      1.108518306736073,
      2.807948009813174,
      -4.732455691230726
    ],
    [
      -0.35652724555777127,
      1.6035793827625184,
      -1.5378412683292453
    ],
    [
      0.7367151843828879,
      1.4624933777348588,
      1.4620802664010313
    ],
    [
      -1.0697194497761018,
      1.026646444027449,
      1.1895975675421795
    ],
    [
      1.9156309869205472,
      0.13702956664042176,
      -0.5045087768764489
    ],
    [
      1.486119770438279,
      0.8733502301187173,
      -0.8854947887582085
    ],
    [
      -0.3173660026167511,
      -0.9944078693044958,
      -0.830369164209813
    ],
    [
      -0.14774872097797243,
      0.4711414786233945,
      -1.1005146864384159
    ],
    [
      0.10863020571679272,
      1.5960080610323075,
      0.18287204757426423
    ],
    [
      0.42654710402896967,
      1.2501409376060337,
      -0.009937972119743677
    ],
    [
      0.9855852534861924,
      1.1358531964258418,
      0.423978295896589
    ],
    [
      1.648456805131019,
      1.6048973141963643,
      1.2065475244547628
    ],
    [
      -0.587780900167246,
      0.9545613506722361,
      1.0063387659185565
    ],
    [
      0.9618837285204904,
      0.4145964687104424,
      0.9414033451393351
    ],
    [
      -0.6837766784950929,
      1.4998974660589397,
      0.5870812232470968
    ],
    [
      1.688458747167914,
      -0.664185615265751,
      0.8190808675687293
    ],
    [
      -0.28699903915594405,
      -0.8961924367293932,
      -0.5600228508863694
    ],
    [
      1.2824398277072646,
      -2.298230826324186,
      0.7968412016241331
    ],
    [
      2.328194050229513,
      -0.5677101767869317,
      0.059500416144814494
    ],
    [
      -0.7996450446131291,
      -2.2068504137590708,
      -0.5171036071697728
    ],
    [
      -0.9383828132440897,
      -1.0330869006631929,
      -0.4735114030318215
    ],
    [
      -3.4322250885181234,
      -2.1112293877757793,
      1.7548914734758654
    ],
    [
      1.297951031522274,
      -5.288795372810682,
      4.992279257763656
    ],
    [
      0.09933246546478358,
      -4.6558337612767104,
      4.3252243639363
    ],
    [
      -0.8349507700471293,
      -3.65848678164582,
      2.4769996770136373
    ],
    [
      -2.429846954555785,
      -2.1959158519514403,
      -0.7034865481744106
    ],
    [
      -2.4651531707751815,
      -0.3698067064688644,
      1.5725050411526666
    ]
  ],
  "residual_norm_mm": [
    1.449085292488881,
    1.3441571033528847,
    2.57618794039569,
    2.157578384214986,
    4.932626922968774,
    1.6382799087562077,
    4.6345640308200595,
    4.4502985757441245,
    5.613334279342792,
    2.25022982831144,
    2.195293795421911,
    1.9009063614407107,
    1.9856858477939612,
    1.9378837987490074,
    1.333822004250247,
    1.2062075080585057,
    1.6101193863369831,
    1.320944192282114,
    1.5624654783743608,
    2.597857223995458,
    1.5064499562179638,
    1.408314878604632,
    1.7498306539300075,
    1.9907106620578814,
    1.095059325170239,
    2.74981321972282,
    2.3971488647710135,
    2.4035426117776457,
    1.4737855669380597,
    4.395122600080642,
    7.387752402672321,
    6.355644794175295,
    4.496353602621256,
    3.349790437456945,
    2.9472884589030017
  ],
  "mean_error_mm": 2.6972610256628236,
  "max_error_mm": 7.387752402672321,
  "std_error_mm": 1.571889883749302,
  "rank": 6,
  "singular_values": [
    8.158274336757978,
    6.80343970115463,
    6.704716521873394,
    5.004675450148384,
    4.869620953703994,
    1.8554136590518444
  ]
}